item_id,order_id,product_id,quantity,unit_price,discount_percent
I00001,O0430,P0141,2,4119.03,2.52
I00002,O0210,P0347,1,2256.39,53.42
I00003,O0447,P0044,1,868.37,36.56
I00004,O0009,P0106,5,3192.74,24.8
I00005,O0174,P0357,1,1075.77,41.69
I00006,O0123,P0373,4,139.19,36.02
I00007,O0382,P0420,2,4553.9,5.74
I00008,O0337,P0031,2,4958.29,23.54
I00009,O0003,P0196,3,672.88,2.01
I00010,O0384,P0440,4,2545.94,98.34
I00011,O0279,P0160,2,656.5,77.49
I00012,O0288,P0447,3,3821.06,1.56
I00013,O0426,P0099,2,2628.64,18.87
I00014,O0021,P0286,2,4834.54,7.72
I00015,O0220,P0153,3,2561.47,79.01
I00016,O0326,P0160,1,4767.12,85.12
I00017,O0043,P0277,1,1965.96,48.22
I00018,O0441,P0350,1,3088.01,62.1
I00019,O0068,P0093,3,967.78,25.84
I00020,O0098,P0444,2,537.72,62.82
I00021,O0045,P0102,3,4953.39,11.36
I00022,O0037,P0381,4,3984.86,84.22
I00023,O0486,P0061,5,2940.8,75.04
I00024,O0259,P0046,4,4696.78,16.77
I00025,O0430,P0275,-5,4835.58,85.25
I00026,O0400,P0379,5,3585.5,14.4
I00027,O0388,P0325,3,1118.32,55.74
I00028,O0472,P0013,3,1065.83,17.71
I00029,O0488,P0090,5,1031.2,48.93
I00030,O0155,P0003,3,2106.06,98.42
I00031,O0309,P0441,2,2697.9,99.19
I00032,O0096,P0342,1,818.56,86.53
I00033,O0389,P0054,3,2401.46,63.69
I00034,O0328,P0057,1,1035.9,28.01
I00035,O0167,P0048,2,1501.06,42.98
I00036,O0295,P0001,5,4663.57,49.19
I00037,O0449,P0063,5,4791.11,73.38
I00038,O0160,P0083,4,847.82,10.39
I00039,O0460,P0148,2,4330.98,0.27
I00040,O0448,P0432,1,956.2,36.49
I00041,O0141,P0361,2,3712.26,74.05
I00042,O0266,P0125,4,2564.11,94.94
I00043,O0139,P0384,2,400.51,59.36
I00044,O0476,P0478,5,1956.2,36.69
I00045,O0095,P0172,3,985.98,33.28
I00046,O0464,P0114,4,1032.21,84.06
I00047,O0108,P0038,3,948.36,35.53
I00048,O0235,P0083,5,1163.85,3.93
I00049,O0397,P0141,4,2958.56,64.99
I00050,O0328,P0278,4,1995.67,76.6
I00051,O0178,P0110,2,3202.25,85.82
I00052,O0492,P0019,4,4551.64,99.28
I00053,O0331,P0314,3,3893.34,36.66
I00054,O0483,P0192,2,4163.18,14.26
I00055,O0194,P0132,3,1950.87,51.43
I00056,O0470,P0426,1,4439.19,94.22
I00057,O0479,P0139,2,246.04,16.34
I00058,O0424,P0192,2,4832.01,47.22
I00059,O0466,P0154,5,369.82,78.38
I00060,O0436,P0020,-5,757.64,19.04
I00061,O0352,P0446,4,2303.69,85.42
I00062,O0013,P0288,1,4534.25,69.59
I00063,O0083,P0215,4,1051.41,98.43
I00064,O0112,P0046,4,3558.79,13.96
I00065,O0057,P0493,4,4024.14,48.8
I00066,O0385,P0478,4,3412.83,70.15
I00067,O0455,P0416,3,198.56,64.17
I00068,O0455,P0053,5,1268.9,10.34
I00069,O0278,P0413,2,3553.36,15.37
I00070,O0463,P0422,3,3787.09,16.83
I00071,O0406,P0083,3,1462.18,55.31
I00072,O0020,P0406,1,4030.6,66.22
I00073,O0025,P0451,2,2395.93,74.53
I00074,O0165,P0070,3,2851.04,77.52
I00075,O0046,P0048,5,2486.05,89.12
I00076,O0099,P0207,3,4243.82,6.56
I00077,O0284,P0083,3,2153.79,45.42
I00078,O0320,P0178,5,2535.39,51.91
I00079,O0301,P0122,3,3131.04,17.2
I00080,O0083,P0439,5,1116.17,27.93
I00081,O0481,P0380,3,1142.17,44.09
I00082,O0063,P0223,4,949.92,26.48
I00083,O0322,P0405,2,3857.8,50.9
I00084,O0402,P0064,2,842.36,71.1
I00085,O0135,P0360,4,457.55,90.61
I00086,O0400,P0366,5,589.6,31.08
I00087,O0346,P0224,4,1029.67,48.62
I00088,O0428,P0356,4,3800.99,21.78
I00089,O0275,P0488,2,1848.42,63.77
I00090,O0053,P0401,4,4831.85,68.58
I00091,O0226,P0008,5,4967.27,11.74
I00092,O0036,P0161,4,1422.13,30.64
I00093,O0308,P0403,1,2394.17,71.56
I00094,O0346,P0460,3,4904.57,17.99
I00095,O0270,P0196,2,2432.75,0.48
I00096,O0495,P0407,1,3687.25,37.54
I00097,O0341,P0076,3,1811.02,5.27
I00098,O0031,P0006,1,398.57,90.97
I00099,O0017,P0345,1,4186.86,23.49
I00100,O0043,P0449,5,2491.93,3.5
I00101,O0177,P0020,1,4410.26,1.24
I00102,O0317,P0241,4,1609.75,13.85
I00103,O0150,P0189,4,1050.2,91.46
I00104,O0001,P0129,3,966.67,87.81
I00105,O0409,P0153,4,364.33,70.18
I00106,O0258,P0239,5,1254.13,50.08
I00107,O0255,P0089,1,1802.53,69.13
I00108,O0001,P0167,3,4740.44,13.05
I00109,O0343,P0324,5,2142.74,21.86
I00110,O0037,P0434,2,177.56,97.51
I00111,O0366,P0427,5,4354.06,93.41
I00112,O0441,P0239,1,4106.39,33.34
I00113,O0406,P0466,2,453.88,98.07
I00114,O0216,P0326,2,1363.16,68.36
I00115,O0485,P0361,2,273.37,80.89
I00116,O0444,P0066,3,2481.25,65.81
I00117,O0354,P0402,2,3330.91,46.74
I00118,O0445,P0063,5,966.42,54.91
I00119,O0108,P0044,5,3763.65,3.16
I00120,O0191,P0298,5,162.72,56.3
I00121,O0066,P0365,1,2828.09,49.48
I00122,O0266,P0116,5,4328.72,29.41
I00123,O0215,P0102,2,3377.38,28.22
I00124,O0155,P0162,5,306.05,51.44
I00125,O0096,P0432,3,1055.38,27.03
I00126,O0334,P0324,1,447.91,83.95
I00127,O0292,P0227,2,240.25,36.0
I00128,O0173,P0265,5,2814.65,69.24
I00129,O0206,P0254,4,2657.06,24.9
I00130,O0332,P0478,4,1976.41,64.07
I00131,O0379,P0217,1,2160.09,0.69
I00132,O0355,P0069,3,3322.34,92.55
I00133,O0317,P0302,5,464.47,88.57
I00134,O0022,P0281,5,3646.73,31.24
I00135,O0419,P0027,1,3047.01,19.71
I00136,O0084,P0175,5,3968.11,27.95
I00137,O0146,P0095,4,320.42,75.97
I00138,O0330,P0198,1,4136.2,44.05
I00139,O0293,P0102,2,4715.65,54.15
I00140,O0480,P0029,2,2251.48,44.96
I00141,O0108,P0066,2,4072.95,11.01
I00142,O0269,P0164,3,2526.37,49.73
I00143,O0239,P0106,2,2423.92,85.84
I00144,O0393,P0183,5,433.31,16.41
I00145,O0468,P0493,3,684.38,66.17
I00146,O0176,P0170,2,4580.2,88.45
I00147,O0219,P0248,2,3568.37,33.77
I00148,O0333,P0283,5,163.62,93.94
I00149,O0010,P0011,3,1056.25,37.88
I00150,O0302,P0400,5,2276.95,44.32
I00151,O0126,P0419,4,2818.65,20.3
I00152,O0070,P0271,4,4720.86,22.87
I00153,O0280,P0224,3,544.72,90.85
I00154,O0120,P0254,2,4139.91,3.77
I00155,O0084,P0269,2,4178.75,93.54
I00156,O0242,P0373,2,3429.2,83.26
I00157,O0207,P0031,4,2893.81,53.03
I00158,O0457,P0311,2,1270.19,83.49
I00159,O0455,P0315,-4,1249.46,44.35
I00160,O0453,P0273,4,4049.36,26.21
I00161,O0175,P0165,4,168.07,65.9
I00162,O0095,P0168,4,4068.37,33.14
I00163,O0364,P0432,4,993.43,75.74
I00164,O0150,P0025,4,4783.03,75.24
I00165,O0036,P0497,3,580.2,51.13
I00166,O0066,P0425,5,2169.73,15.32
I00167,O0494,P0003,3,991.44,32.46
I00168,O0387,P0012,1,3483.29,19.67
I00169,O0128,P0325,2,1410.17,1.46
I00170,O0224,P0307,5,1244.84,95.04
I00171,O0345,P0208,5,4834.33,9.78
I00172,O0466,P0410,3,2208.82,51.6
I00173,O0424,P0126,5,2314.78,32.5
I00174,O0371,P0290,4,1656.38,70.24
I00175,O0144,P0379,1,2297.76,1.59
I00176,O0334,P0350,4,4856.06,70.05
I00177,O0016,P0147,1,1659.45,96.12
I00178,O0330,P0124,5,1489.67,76.32
I00179,O0172,P0297,2,4461.91,11.48
I00180,O0307,P0422,2,1685.35,2.48
I00181,O0129,P0455,3,640.9,8.21
I00182,O0417,P0142,2,278.68,69.42
I00183,O0205,P0132,5,3520.25,93.13
I00184,O0290,P0119,2,2665.64,61.95
I00185,O0164,P0380,1,1857.86,46.64
I00186,O0370,P0104,3,1259.18,34.72
I00187,O0050,P0499,5,862.26,2.58
I00188,O0270,P0058,3,3079.44,42.78
I00189,O0069,P0149,3,1116.04,31.22
I00190,O0405,P0206,5,1003.01,89.62
I00191,O0452,P0449,2,4160.86,23.09
I00192,O0454,P0101,3,1372.36,70.89
I00193,O0313,P0345,5,4421.9,66.3
I00194,O0065,P0324,5,1786.28,33.86
I00195,O0149,P0462,2,388.98,20.52
I00196,O0002,P0486,2,2720.86,52.89
I00197,O0313,P0149,3,4984.02,96.34
I00198,O0271,P0272,3,1948.91,41.08
I00199,O0140,P0022,3,4864.79,25.1
I00200,O0298,P0026,2,2083.37,82.03
I00201,O0259,P0013,2,3865.6,25.67
I00202,O0373,P0101,1,2203.71,51.04
I00203,O0112,P0090,2,1880.38,84.5
I00204,O0066,P0486,4,2054.24,42.56
I00205,O0355,P0110,2,3468.48,91.1
I00206,O0070,P0047,3,2225.9,33.54
I00207,O0350,P0474,4,4089.85,76.67
I00208,O0040,P0210,1,2677.99,35.92
I00209,O0216,P0153,4,3046.39,28.87
I00210,O0397,P0126,4,2464.96,86.65
I00211,O0156,P0345,1,3328.13,2.34
I00212,O0094,P0072,2,582.23,5.35
I00213,O0348,P0469,2,2811.34,50.28
I00214,O0391,P0143,1,3284.45,82.81
I00215,O0488,P0340,3,3787.35,73.87
I00216,O0117,P0182,1,3311.11,41.23
I00217,O0482,P0274,4,1250.79,38.92
I00218,O0283,P0113,1,2617.37,16.45
I00219,O0047,P0427,3,3900.69,79.89
I00220,O0119,P0242,1,3715.17,86.36
I00221,O0270,P0240,2,4581.87,13.89
I00222,O0303,P0176,3,1630.21,81.08
I00223,O0340,P0126,1,1787.59,67.73
I00224,O0246,P0076,4,4234.39,43.97
I00225,O0392,P0113,4,3662.36,95.03
I00226,O0006,P0291,3,3536.81,3.63
I00227,O0223,P0057,2,2809.13,9.98
I00228,O0196,P0364,4,908.86,36.79
I00229,O0245,P0155,1,2665.55,90.34
I00230,O0149,P0470,1,3192.49,94.57
I00231,O0371,P0472,5,3432.77,73.9
I00232,O0444,P0089,-5,3233.34,47.11
I00233,O0315,P0499,2,2463.84,2.58
I00234,O0347,P0228,4,986.27,72.38
I00235,O0214,P0456,1,1411.07,19.78
I00236,O0327,P0287,3,1214.05,45.63
I00237,O0159,P0400,5,4745.35,55.6
I00238,O0447,P0333,1,3706.82,27.45
I00239,O0312,P0410,1,2457.61,78.99
I00240,O0446,P0232,4,1952.01,91.55
I00241,O0048,P0397,4,383.13,38.95
I00242,O0065,P0293,4,1151.39,49.39
I00243,O0354,P0398,2,960.98,99.13
I00244,O0122,P0433,4,2390.37,21.5
I00245,O0398,P0048,2,539.64,76.27
I00246,O0059,P0211,4,745.32,26.6
I00247,O0468,P0426,1,2217.53,4.09
I00248,O0361,P0151,4,1198.2,85.71
I00249,O0108,P0322,5,4608.8,84.49
I00250,O0103,P0136,5,2550.47,47.83
I00251,O0389,P0391,2,3583.61,65.41
I00252,O0142,P0462,4,4271.01,67.12
I00253,O0106,P0427,2,3477.41,76.99
I00254,O0188,P0059,1,1727.13,15.42
I00255,O0048,P0204,2,4387.29,71.16
I00256,O0244,P0300,2,4941.5,9.71
I00257,O0299,P0114,3,3461.52,16.46
I00258,O0179,P0018,5,1973.17,28.01
I00259,O0123,P0115,3,1824.56,13.11
I00260,O0078,P0107,4,3490.65,62.0
I00261,O0290,P0089,1,571.41,19.76
I00262,O0264,P0036,4,1781.52,70.55
I00263,O0295,P0461,1,4067.06,88.56
I00264,O0325,P0055,4,3578.75,54.81
I00265,O0158,P0079,2,3361.28,22.74
I00266,O0269,P0410,5,4407.48,15.97
I00267,O0338,P0278,2,1329.38,5.06
I00268,O0315,P0361,2,2905.83,9.01
I00269,O0401,P0164,4,1130.41,40.33
I00270,O0367,P0467,4,638.86,38.3
I00271,O0499,P0102,4,399.47,42.41
I00272,O0011,P0154,5,798.53,60.38
I00273,O0410,P0363,3,3500.77,10.47
I00274,O0211,P0413,1,4761.42,31.06
I00275,O0230,P0075,-4,3178.71,26.1
I00276,O0150,P0081,5,2481.11,12.19
I00277,O0494,P0384,1,1008.74,98.78
I00278,O0202,P0366,1,127.53,43.2
I00279,O0074,P0322,3,1912.95,83.12
I00280,O0101,P0102,4,1224.22,15.28
I00281,O0287,P0462,3,3520.95,82.16
I00282,O0203,P0369,-3,4278.71,33.5
I00283,O0493,P0210,-3,998.74,40.04
I00284,O0406,P0049,3,1707.91,74.19
I00285,O0167,P0077,3,3168.34,21.62
I00286,O0295,P0309,5,234.12,81.47
I00287,O0395,P0302,4,2384.22,15.19
I00288,O0160,P0330,5,3869.7,15.57
I00289,O0180,P0178,1,3432.63,42.88
I00290,O0334,P0106,1,4562.47,2.18
I00291,O0323,P0231,4,1383.3,99.01
I00292,O0151,P0339,2,2832.99,12.51
I00293,O0367,P0330,3,3438.93,93.16
I00294,O0006,P0043,4,4165.12,14.31
I00295,O0124,P0043,4,3640.39,64.51
I00296,O0352,P0223,1,1522.86,60.34
I00297,O0049,P0108,4,2464.3,79.86
I00298,O0389,P0135,1,1241.97,92.85
I00299,O0284,P0237,2,816.66,26.09
I00300,O0407,P0447,5,669.58,76.57
I00301,O0123,P0380,2,2816.26,54.07
I00302,O0130,P0329,2,402.74,4.76
I00303,O0148,P0295,1,4818.13,63.01
I00304,O0293,P0128,5,771.73,16.65
I00305,O0325,P0460,4,4688.44,14.49
I00306,O0063,P0210,2,1735.21,90.38
I00307,O0252,P0067,3,1729.33,3.08
I00308,O0186,P0292,5,4900.96,4.28
I00309,O0199,P0430,2,3337.09,84.46
I00310,O0159,P0284,1,4199.12,54.99
I00311,O0072,P0104,2,3522.73,25.75
I00312,O0475,P0344,3,2045.32,77.66
I00313,O0331,P0407,1,2587.02,39.83
I00314,O0066,P0205,4,4679.57,84.08
I00315,O0161,P0289,-4,2094.92,68.2
I00316,O0041,P0011,5,1168.02,59.85
I00317,O0163,P0023,2,839.56,26.26
I00318,O0477,P0052,2,2036.29,34.43
I00319,O0211,P0078,4,344.23,55.08
I00320,O0026,P0158,-2,3970.3,31.83
I00321,O0416,P0137,1,4362.11,25.83
I00322,O0425,P0002,5,422.4,1.08
I00323,O0421,P0410,1,3930.65,68.9
I00324,O0256,P0475,4,4472.69,51.62
I00325,O0052,P0401,4,2424.45,33.87
I00326,O0076,P0115,5,4509.5,5.49
I00327,O0342,P0494,4,2102.96,22.36
I00328,O0200,P0184,3,1192.38,70.36
I00329,O0128,P0264,5,3472.95,21.85
I00330,O0230,P0223,3,4044.21,90.43
I00331,O0160,P0449,1,4651.15,18.02
I00332,O0071,P0034,1,728.97,90.24
I00333,O0007,P0398,3,3935.13,36.78
I00334,O0283,P0373,4,3479.69,41.05
I00335,O0183,P0304,-5,1661.72,52.29
I00336,O0378,P0269,4,280.15,92.68
I00337,O0280,P0245,4,745.41,7.37
I00338,O0063,P0397,3,1349.73,39.77
I00339,O0119,P0155,4,2560.58,79.97
I00340,O0317,P0371,3,2555.29,65.1
I00341,O0159,P0405,4,2188.49,32.02
I00342,O0099,P0147,3,3528.51,75.64
I00343,O0337,P0342,5,2269.36,88.56
I00344,O0369,P0403,5,3407.55,38.98
I00345,O0050,P0329,1,2363.52,72.65
I00346,O0084,P0203,2,4250.05,73.75
I00347,O0216,P0025,1,2640.26,99.51
I00348,O0255,P0471,2,1782.54,83.51
I00349,O0462,P0102,4,1130.75,42.81
I00350,O0243,P0065,1,513.55,98.99
I00351,O0413,P0185,1,2482.41,71.87
I00352,O0307,P0165,2,1907.26,15.12
I00353,O0471,P0202,4,952.37,45.67
I00354,O0114,P0445,1,3626.77,82.52
I00355,O0442,P0441,2,4403.79,96.24
I00356,O0190,P0340,5,3957.2,8.39
I00357,O0393,P0093,5,848.5,67.17
I00358,O0338,P0410,2,4865.95,77.15
I00359,O0024,P0453,3,4312.65,12.0
I00360,O0033,P0304,1,1323.05,73.18
I00361,O0018,P0257,2,1825.78,26.91
I00362,O0167,P0338,4,697.91,24.2
I00363,O0189,P0226,2,4163.06,21.01
I00364,O0266,P0336,4,1087.11,64.98
I00365,O0099,P0367,3,380.1,8.23
I00366,O0200,P0103,3,4471.85,65.28
I00367,O0376,P0012,1,4749.37,14.21
I00368,O0231,P0103,3,1200.55,49.19
I00369,O0120,P0180,2,701.81,58.37
I00370,O0268,P0193,5,1664.54,39.35
I00371,O0459,P0492,2,268.4,67.66
I00372,O0131,P0402,2,3961.53,53.32
I00373,O0231,P0225,4,2530.42,67.18
I00374,O0114,P0116,5,1794.23,0.44
I00375,O0333,P0155,5,1772.58,8.39
I00376,O0200,P0444,5,1152.79,65.02
I00377,O0362,P0032,2,491.33,9.89
I00378,O0225,P0128,1,4317.11,47.64
I00379,O0039,P0110,-5,853.87,0.45
I00380,O0064,P0130,3,225.18,49.16
I00381,O0485,P0487,3,4714.38,27.71
I00382,O0082,P0438,3,2200.87,88.26
I00383,O0085,P0085,4,2458.82,96.39
I00384,O0177,P0063,2,3945.01,0.25
I00385,O0097,P0254,3,1688.66,31.59
I00386,O0084,P0109,5,3018.08,27.65
I00387,O0384,P0430,1,591.41,68.54
I00388,O0357,P0375,3,1381.62,27.45
I00389,O0260,P0045,2,149.26,19.32
I00390,O0036,P0017,3,4658.57,24.99
I00391,O0304,P0004,2,4901.33,85.91
I00392,O0312,P0410,3,1633.96,86.41
I00393,O0464,P0082,1,654.03,68.78
I00394,O0243,P0305,3,3178.22,96.33
I00395,O0133,P0287,4,2957.74,74.81
I00396,O0483,P0302,2,2146.24,62.17
I00397,O0221,P0125,-3,1212.1,46.12
I00398,O0091,P0496,5,2739.37,43.19
I00399,O0254,P0102,1,4447.51,36.03
I00400,O0140,P0472,5,4239.89,11.01
I00401,O0230,P0026,4,4614.77,77.28
I00402,O0034,P0068,4,1881.06,39.73
I00403,O0131,P0358,2,614.58,89.98
I00404,O0174,P0058,5,4189.37,85.38
I00405,O0002,P0311,1,1003.15,17.34
I00406,O0500,P0367,3,2706.96,30.82
I00407,O0411,P0415,1,1359.8,13.87
I00408,O0240,P0239,1,3038.08,3.08
I00409,O0272,P0002,3,3962.13,62.9
I00410,O0288,P0293,5,966.9,13.75
I00411,O0327,P0359,4,2462.95,25.35
I00412,O0167,P0158,4,3296.41,70.21
I00413,O0208,P0262,3,3154.79,64.57
I00414,O0428,P0113,1,654.51,28.34
I00415,O0367,P0471,2,3423.02,73.43
I00416,O0226,P0162,1,1346.65,16.32
I00417,O0402,P0152,1,4298.14,63.79
I00418,O0078,P0162,5,304.03,92.39
I00419,O0401,P0357,4,4981.46,77.75
I00420,O0315,P0285,1,1976.68,78.67
I00421,O0356,P0048,2,1178.91,22.75
I00422,O0326,P0182,5,227.83,16.56
I00423,O0224,P0385,2,860.61,55.06
I00424,O0351,P0236,2,1241.22,92.65
I00425,O0496,P0202,5,2858.53,29.54
I00426,O0261,P0067,4,672.75,32.71
I00427,O0499,P0115,1,4123.11,96.34
I00428,O0500,P0337,3,1550.06,13.05
I00429,O0420,P0449,3,626.28,88.63
I00430,O0347,P0061,5,1292.55,81.4
I00431,O0346,P0043,5,4180.1,54.45
I00432,O0028,P0223,4,3408.67,14.26
I00433,O0488,P0047,1,2513.62,58.24
I00434,O0045,P0022,4,1839.46,9.61
I00435,O0151,P0131,4,122.97,54.25
I00436,O0332,P0240,1,151.14,74.93
I00437,O0476,P0067,2,3095.38,32.22
I00438,O0136,P0159,3,1919.02,64.05
I00439,O0075,P0470,1,440.74,92.47
I00440,O0478,P0271,3,1359.64,66.85
I00441,O0139,P0146,2,4395.91,46.53
I00442,O0400,P0293,1,695.18,28.69
I00443,O0255,P0337,5,1898.23,1.84
I00444,O0057,P0143,2,2928.67,36.62
I00445,O0497,P0100,4,2386.46,71.71
I00446,O0058,P0436,5,3162.58,7.23
I00447,O0470,P0203,5,1357.22,98.54
I00448,O0323,P0432,3,2875.89,32.62
I00449,O0033,P0159,5,4297.23,25.0
I00450,O0186,P0101,3,3437.8,36.75
I00451,O0266,P0229,2,3508.42,37.94
I00452,O0374,P0045,4,639.73,14.1
I00453,O0161,P0460,4,805.32,11.28
I00454,O0379,P0237,1,2400.72,91.23
I00455,O0200,P0248,4,2302.56,89.52
I00456,O0336,P0326,2,3553.79,90.17
I00457,O0450,P0138,1,3685.28,59.4
I00458,O0227,P0188,1,2425.16,6.96
I00459,O0413,P0346,5,2949.94,70.08
I00460,O0296,P0317,4,3175.43,68.02
I00461,O0279,P0114,5,1826.41,29.51
I00462,O0247,P0020,4,147.03,71.33
I00463,O0102,P0167,1,3898.68,40.73
I00464,O0319,P0356,4,3965.8,95.38
I00465,O0010,P0079,3,4735.34,56.34
I00466,O0099,P0020,5,3683.4,54.69
I00467,O0131,P0003,5,2803.92,67.96
I00468,O0179,P0198,5,1758.16,98.21
I00469,O0048,P0318,2,2695.44,8.86
I00470,O0340,P0431,3,2760.58,31.85
I00471,O0400,P0446,5,1846.93,55.63
I00472,O0192,P0281,5,2487.34,13.94
I00473,O0152,P0378,5,1192.91,99.37
I00474,O0493,P0039,5,2315.39,1.39
I00475,O0147,P0086,2,1382.34,9.99
I00476,O0287,P0168,3,3899.71,18.64
I00477,O0227,P0295,4,2202.02,28.24
I00478,O0225,P0134,4,4415.95,14.17
I00479,O0071,P0181,2,2695.57,89.2
I00480,O0104,P0391,3,4285.01,41.57
I00481,O0155,P0124,1,4639.22,68.08
I00482,O0387,P0198,2,495.9,54.1
I00483,O0449,P0305,2,3550.8,37.96
I00484,O0283,P0393,1,3117.89,20.81
I00485,O0450,P0103,3,2246.84,29.25
I00486,O0087,P0067,1,4458.51,94.51
I00487,O0423,P0481,3,4748.51,10.57
I00488,O0457,P0172,2,873.18,31.02
I00489,O0410,P0025,5,3528.74,0.71
I00490,O0019,P0147,5,2371.09,81.12
I00491,O0069,P0015,5,819.27,51.8
I00492,O0245,P0271,3,4522.5,7.76
I00493,O0111,P0330,4,1440.27,7.44
I00494,O0215,P0377,4,701.08,50.01
I00495,O0062,P0245,2,4425.76,69.63
I00496,O0226,P0187,-4,3744.01,11.87
I00497,O0204,P0060,1,4211.71,80.0
I00498,O0348,P0324,4,3264.9,12.17
I00499,O0367,P0398,1,4724.1,19.8
I00500,O0191,P0172,1,2129.78,41.44
I00501,O0365,P0107,3,1133.58,93.73
I00502,O0074,P0147,5,4238.21,7.61
I00503,O0114,P0067,4,1753.78,96.53
I00504,O0207,P0409,3,3661.98,38.31
I00505,O0111,P0163,4,2158.87,72.55
I00506,O0105,P0159,4,865.32,32.55
I00507,O0064,P0246,1,4551.29,37.54
I00508,O0173,P0016,2,3968.36,5.37
I00509,O0069,P0192,1,3145.43,64.96
I00510,O0296,P0190,5,1322.82,27.16
I00511,O0060,P0478,2,1431.04,37.98
I00512,O0011,P0083,4,475.47,87.26
I00513,O0366,P0281,4,3750.76,21.63
I00514,O0045,P0373,4,4166.02,69.78
I00515,O0312,P0002,5,4497.83,11.82
I00516,O0468,P0065,5,188.13,92.33
I00517,O0424,P0366,2,1329.6,31.56
I00518,O0451,P0051,4,2244.53,3.33
I00519,O0327,P0465,2,4100.44,7.48
I00520,O0063,P0181,3,3789.62,55.74
I00521,O0237,P0165,4,4801.29,54.49
I00522,O0070,P0487,-3,2257.4,3.44
I00523,O0036,P0281,3,4656.91,69.2
I00524,O0288,P0408,1,1520.57,25.66
I00525,O0372,P0165,1,3912.37,86.2
I00526,O0323,P0292,3,863.52,36.68
I00527,O0429,P0440,4,267.33,25.61
I00528,O0149,P0221,3,852.32,7.61
I00529,O0318,P0298,3,2625.71,71.97
I00530,O0413,P0044,4,4329.34,34.24
I00531,O0215,P0478,4,1282.74,69.48
I00532,O0499,P0450,2,2075.55,51.91
I00533,O0277,P0137,3,3597.85,99.47
I00534,O0124,P0205,4,638.1,97.52
I00535,O0149,P0268,4,3418.54,56.45
I00536,O0492,P0312,3,610.66,65.68
I00537,O0492,P0206,1,1693.12,80.41
I00538,O0335,P0197,2,1677.76,51.25
I00539,O0398,P0254,1,2120.58,14.64
I00540,O0319,P0254,3,3116.21,58.51
I00541,O0112,P0419,5,2282.96,5.68
I00542,O0379,P0195,-3,3971.78,91.64
I00543,O0048,P0319,1,1123.33,12.83
I00544,O0139,P0348,4,964.34,28.54
I00545,O0474,P0047,3,435.48,53.79
I00546,O0024,P0077,2,343.53,7.14
I00547,O0455,P0447,5,2702.95,47.06
I00548,O0174,P0001,2,1416.25,61.1
I00549,O0344,P0250,1,287.61,58.25
I00550,O0117,P0051,1,2022.67,24.49
I00551,O0254,P0327,2,1604.53,60.63
I00552,O0500,P0272,5,756.23,88.89
I00553,O0162,P0064,2,4162.47,30.65
I00554,O0296,P0201,5,3504.77,75.0
I00555,O0118,P0392,4,3711.29,16.73
I00556,O0037,P0489,5,654.56,83.22
I00557,O0084,P0194,5,1338.95,12.28
I00558,O0134,P0268,2,945.55,8.17
I00559,O0130,P0005,-4,4805.21,38.12
I00560,O0383,P0146,5,342.47,85.69
I00561,O0060,P0164,5,3568.68,21.22
I00562,O0353,P0217,1,3952.24,57.59
I00563,O0328,P0400,3,1776.13,89.06
I00564,O0283,P0192,4,4668.38,96.1
I00565,O0019,P0248,3,2622.56,25.59
I00566,O0204,P0167,3,1943.89,68.21
I00567,O0232,P0443,5,3503.53,65.43
I00568,O0400,P0378,3,991.96,22.89
I00569,O0063,P0216,3,3247.27,94.99
I00570,O0430,P0205,5,4844.26,45.42
I00571,O0184,P0082,2,3037.19,54.25
I00572,O0345,P0187,2,1987.95,1.56
I00573,O0474,P0260,3,4323.18,20.15
I00574,O0151,P0304,1,4438.18,72.05
I00575,O0002,P0427,2,1525.47,71.0
I00576,O0067,P0445,-2,1147.73,1.5
I00577,O0145,P0454,4,4825.56,10.64
I00578,O0310,P0166,4,934.84,14.35
I00579,O0147,P0388,1,4879.45,8.13
I00580,O0353,P0463,3,880.37,25.64
I00581,O0237,P0341,2,3431.26,56.96
I00582,O0483,P0296,3,3264.96,91.16
I00583,O0274,P0487,2,2324.08,28.42
I00584,O0105,P0259,3,2126.65,33.7
I00585,O0193,P0182,4,4892.92,92.69
I00586,O0114,P0432,3,1631.7,96.3
I00587,O0397,P0010,4,4516.09,55.93
I00588,O0142,P0216,5,1412.26,54.57
I00589,O0397,P0305,2,4935.96,60.3
I00590,O0267,P0399,4,1674.02,10.24
I00591,O0282,P0388,4,2217.17,8.97
I00592,O0370,P0404,5,3825.22,4.77
I00593,O0467,P0313,3,2213.92,77.02
I00594,O0079,P0306,2,3390.15,53.5
I00595,O0323,P0226,4,4748.69,16.56
I00596,O0352,P0344,5,1753.1,45.5
I00597,O0205,P0007,1,2669.68,78.72
I00598,O0038,P0110,3,4717.89,9.51
I00599,O0095,P0151,5,676.07,22.12
I00600,O0374,P0123,4,4984.81,37.39
I00601,O0282,P0036,5,2952.83,85.9
I00602,O0383,P0225,3,2268.49,63.58
I00603,O0220,P0259,3,3623.4,81.91
I00604,O0479,P0287,1,2513.31,10.36
I00605,O0492,P0193,1,2288.58,21.13
I00606,O0486,P0320,3,3344.48,59.63
I00607,O0391,P0040,2,2688.37,45.65
I00608,O0326,P0228,2,2060.27,83.17
I00609,O0426,P0486,3,3421.35,67.27
I00610,O0051,P0404,1,1225.58,59.7
I00611,O0066,P0205,2,1082.1,57.62
I00612,O0233,P0063,2,1786.77,1.52
I00613,O0264,P0233,1,1842.57,99.2
I00614,O0296,P0302,3,2148.19,15.33
I00615,O0054,P0185,4,2159.88,47.33
I00616,O0211,P0126,1,2963.68,20.79
I00617,O0157,P0125,3,3572.39,0.12
I00618,O0333,P0135,4,2998.73,45.18
I00619,O0261,P0201,3,4077.14,29.78
I00620,O0125,P0125,4,631.33,52.65
I00621,O0209,P0272,4,180.94,62.48
I00622,O0250,P0497,1,4783.09,16.21
I00623,O0492,P0198,4,3665.37,77.61
I00624,O0180,P0361,5,4282.14,85.59
I00625,O0034,P0172,1,3081.07,67.73
I00626,O0462,P0232,2,3754.56,99.85
I00627,O0372,P0476,1,3625.07,51.25
I00628,O0339,P0075,5,4668.52,34.13
I00629,O0233,P0433,4,4806.66,0.73
I00630,O0303,P0150,4,1575.6,31.56
I00631,O0096,P0212,2,738.44,11.9
I00632,O0107,P0164,1,700.28,35.29
I00633,O0008,P0098,1,2712.6,9.44
I00634,O0002,P0463,2,1652.85,5.98
I00635,O0169,P0375,2,2531.62,23.24
I00636,O0007,P0149,3,4441.09,61.1
I00637,O0052,P0332,5,3940.6,38.06
I00638,O0443,P0287,4,3959.88,29.64
I00639,O0408,P0240,4,691.84,41.51
I00640,O0264,P0177,4,1855.15,50.63
I00641,O0426,P0226,-3,1805.21,20.51
I00642,O0304,P0492,3,4011.96,14.42
I00643,O0028,P0075,5,1310.91,64.39
I00644,O0345,P0243,4,601.12,72.13
I00645,O0108,P0312,1,1269.55,58.65
I00646,O0409,P0071,-3,3022.74,87.98
I00647,O0207,P0217,1,3540.95,89.22
I00648,O0471,P0085,4,3368.93,81.62
I00649,O0030,P0268,3,593.22,89.72
I00650,O0487,P0271,1,2927.01,17.04
I00651,O0088,P0418,1,4076.6,32.02
I00652,O0449,P0174,2,1331.95,92.77
I00653,O0278,P0289,3,2157.69,18.93
I00654,O0308,P0077,2,2365.02,39.25
I00655,O0075,P0233,3,3752.96,10.25
I00656,O0176,P0094,1,2403.26,21.28
I00657,O0104,P0462,3,1201.41,21.53
I00658,O0484,P0349,4,105.57,91.8
I00659,O0221,P0232,3,2784.11,37.98
I00660,O0444,P0415,4,4050.94,8.32
I00661,O0026,P0425,4,3249.44,68.3
I00662,O0116,P0213,4,1017.88,54.02
I00663,O0009,P0343,5,680.89,52.65
I00664,O0331,P0304,5,2159.83,30.87
I00665,O0281,P0462,1,1747.39,89.91
I00666,O0034,P0499,-1,3443.06,21.06
I00667,O0118,P0098,1,4513.73,23.75
I00668,O0078,P0346,3,4510.59,82.64
I00669,O0361,P0174,1,4545.92,50.08
I00670,O0084,P0131,3,3895.07,38.72
I00671,O0132,P0432,5,3957.82,12.7
I00672,O0157,P0223,4,3803.3,93.11
I00673,O0215,P0480,5,1260.64,25.17
I00674,O0341,P0214,2,4771.12,58.25
I00675,O0173,P0142,4,2851.63,5.81
I00676,O0170,P0148,4,1867.21,17.66
I00677,O0046,P0224,5,4603.64,1.82
I00678,O0457,P0290,1,218.11,46.31
I00679,O0136,P0316,3,1046.3,3.87
I00680,O0371,P0384,4,1245.1,30.63
I00681,O0238,P0304,3,3369.32,30.63
I00682,O0277,P0081,3,1958.18,79.11
I00683,O0200,P0225,1,3183.4,54.62
I00684,O0468,P0462,4,2443.17,84.1
I00685,O0428,P0036,5,3453.81,67.14
I00686,O0216,P0294,5,2975.67,88.85
I00687,O0139,P0346,2,2590.53,55.76
I00688,O0322,P0463,5,4038.72,8.6
I00689,O0333,P0259,2,246.52,24.31
I00690,O0149,P0178,2,3696.16,62.29
I00691,O0246,P0416,5,3705.14,11.76
I00692,O0127,P0403,1,1778.0,12.03
I00693,O0430,P0265,3,4178.71,80.85
I00694,O0199,P0056,1,1455.87,84.53
I00695,O0298,P0109,5,1817.85,54.37
I00696,O0396,P0485,-5,3381.38,33.06
I00697,O0208,P0315,3,4873.29,26.71
I00698,O0059,P0001,2,1628.81,32.94
I00699,O0477,P0327,2,3411.92,47.15
I00700,O0043,P0126,1,3224.87,79.18
I00701,O0019,P0413,2,3374.16,83.79
I00702,O0042,P0384,4,2235.42,47.78
I00703,O0124,P0102,4,4858.98,86.99
I00704,O0002,P0113,2,2988.83,37.95
I00705,O0476,P0407,5,3302.04,46.44
I00706,O0017,P0411,3,3890.69,86.83
I00707,O0322,P0224,5,3679.94,45.55
I00708,O0288,P0295,4,3684.98,36.67
I00709,O0143,P0184,3,2717.84,93.72
I00710,O0280,P0018,1,4885.51,30.59
I00711,O0323,P0446,4,692.22,73.85
I00712,O0473,P0283,2,4026.9,92.5
I00713,O0283,P0332,5,3698.29,3.92
I00714,O0005,P0360,4,1124.11,6.89
I00715,O0368,P0455,5,2329.27,2.35
I00716,O0116,P0292,-3,3926.74,45.15
I00717,O0213,P0026,3,2349.25,18.2
I00718,O0247,P0125,5,217.56,0.81
I00719,O0394,P0259,3,1171.74,87.14
I00720,O0059,P0057,2,3853.33,65.65
I00721,O0124,P0226,1,4030.89,51.33
I00722,O0055,P0347,4,2067.18,97.4
I00723,O0049,P0170,1,1428.49,85.49
I00724,O0463,P0337,4,906.6,81.86
I00725,O0368,P0226,5,2194.22,26.78
I00726,O0297,P0138,3,4851.59,55.49
I00727,O0024,P0354,4,3777.55,79.54
I00728,O0284,P0160,2,2637.83,78.58
I00729,O0303,P0004,3,595.94,15.26
I00730,O0008,P0143,2,4158.4,70.07
I00731,O0338,P0131,-1,3058.13,43.79
I00732,O0338,P0294,4,3249.36,97.87
I00733,O0432,P0263,4,3927.03,79.32
I00734,O0331,P0323,2,3254.52,18.11
I00735,O0249,P0265,5,3712.49,58.3
I00736,O0482,P0474,5,634.44,61.71
I00737,O0067,P0260,3,4988.38,62.18
I00738,O0373,P0020,5,2773.03,87.82
I00739,O0254,P0319,1,1018.92,25.21
I00740,O0372,P0383,3,4054.68,63.88
I00741,O0182,P0042,3,1882.14,88.85
I00742,O0260,P0011,5,2858.82,72.25
I00743,O0290,P0232,2,1776.8,86.27
I00744,O0354,P0453,-2,281.14,83.76
I00745,O0423,P0424,2,2567.54,25.72
I00746,O0350,P0139,2,4186.69,91.32
I00747,O0286,P0086,4,3919.56,84.99
I00748,O0481,P0407,5,1894.21,86.06
I00749,O0492,P0146,1,3248.57,62.22
I00750,O0015,P0233,3,4510.01,40.68
I00751,O0324,P0239,5,4867.66,26.18
I00752,O0186,P0356,3,557.43,99.82
I00753,O0133,P0461,3,3148.88,45.3
I00754,O0329,P0187,5,3201.1,45.57
I00755,O0160,P0223,4,919.2,90.16
I00756,O0425,P0005,-2,2689.58,67.66
I00757,O0060,P0403,4,1064.86,86.95
I00758,O0271,P0396,1,2480.02,10.93
I00759,O0062,P0169,5,2291.24,55.77
I00760,O0396,P0294,2,519.28,34.31
I00761,O0403,P0214,1,4798.27,18.48
I00762,O0380,P0497,5,1357.95,97.03
I00763,O0297,P0217,4,676.34,65.65
I00764,O0301,P0163,3,2960.5,77.78
I00765,O0380,P0295,2,3778.18,30.65
I00766,O0059,P0496,1,2012.77,32.35
I00767,O0175,P0191,3,4211.39,48.06
I00768,O0102,P0500,4,2537.54,83.7
I00769,O0462,P0331,3,2910.76,22.38
I00770,O0427,P0435,1,1128.55,52.64
I00771,O0134,P0281,2,1993.07,40.79
I00772,O0276,P0296,4,357.52,92.76
I00773,O0417,P0016,5,3481.85,38.05
I00774,O0120,P0134,5,3298.59,79.56
I00775,O0180,P0284,3,148.96,36.97
I00776,O0344,P0037,5,177.15,3.16
I00777,O0231,P0100,5,3191.31,76.57
I00778,O0378,P0487,4,1546.98,26.6
I00779,O0376,P0435,4,805.9,22.97
I00780,O0267,P0346,4,4157.57,32.62
I00781,O0309,P0285,4,1392.0,14.8
I00782,O0095,P0128,3,555.02,71.73
I00783,O0293,P0476,5,3392.39,51.21
I00784,O0006,P0008,4,3636.5,60.99
I00785,O0223,P0500,1,4028.14,63.06
I00786,O0311,P0219,2,4859.29,24.94
I00787,O0272,P0058,1,3313.06,49.49
I00788,O0216,P0053,5,1488.44,29.54
I00789,O0439,P0122,4,1341.18,24.17
I00790,O0373,P0204,4,4886.29,24.14
I00791,O0113,P0103,1,2057.15,61.22
I00792,O0055,P0224,4,1870.52,32.02
I00793,O0362,P0214,2,4815.44,83.26
I00794,O0295,P0348,1,2256.95,69.23
I00795,O0430,P0361,5,3770.21,51.46
I00796,O0477,P0380,3,2425.8,43.25
I00797,O0285,P0453,4,3524.43,40.69
I00798,O0122,P0095,3,4074.57,67.53
I00799,O0085,P0388,2,858.23,35.14
I00800,O0407,P0074,4,1238.28,35.33
I00801,O0458,P0270,4,1240.4,51.69
I00802,O0389,P0484,2,2896.17,68.95
I00803,O0270,P0167,3,200.23,78.37
I00804,O0275,P0042,2,3373.29,93.96
I00805,O0373,P0308,2,2679.79,64.15
I00806,O0201,P0282,4,2451.29,75.04
I00807,O0131,P0255,2,4251.9,44.92
I00808,O0256,P0488,5,1176.69,88.1
I00809,O0215,P0389,1,100.22,17.58
I00810,O0491,P0484,4,3359.22,92.19
I00811,O0100,P0306,5,346.43,77.58
I00812,O0010,P0389,2,3376.93,47.88
I00813,O0053,P0253,4,4200.84,87.42
I00814,O0343,P0153,4,1738.24,60.24
I00815,O0114,P0132,4,327.95,87.02
I00816,O0111,P0292,4,222.85,48.8
I00817,O0105,P0077,2,3455.18,68.79
I00818,O0343,P0113,2,2061.07,26.65
I00819,O0471,P0463,2,843.98,28.79
I00820,O0473,P0224,-3,2189.14,67.51
I00821,O0018,P0277,3,2618.93,30.89
I00822,O0047,P0227,4,593.77,75.77
I00823,O0486,P0323,2,373.45,37.92
I00824,O0296,P0363,4,4806.27,91.13
I00825,O0335,P0303,4,2270.86,4.87
I00826,O0018,P0051,1,820.39,25.85
I00827,O0315,P0164,1,1264.8,13.9
I00828,O0012,P0172,4,1978.1,75.25
I00829,O0146,P0129,3,3749.8,21.59
I00830,O0370,P0063,5,2169.01,67.22
I00831,O0375,P0313,5,3612.57,27.95
I00832,O0041,P0333,3,4167.32,95.43
I00833,O0042,P0383,1,2395.51,78.57
I00834,O0107,P0171,-1,345.63,87.97
I00835,O0401,P0013,3,3551.24,29.7
I00836,O0402,P0189,3,3119.68,59.46
I00837,O0017,P0244,1,3548.06,6.81
I00838,O0150,P0204,4,2005.57,75.06
I00839,O0489,P0405,1,2807.16,81.97
I00840,O0109,P0073,5,3087.34,69.91
I00841,O0331,P0276,5,2074.52,40.44
I00842,O0415,P0427,4,483.88,50.98
I00843,O0392,P0287,3,3422.57,95.23
I00844,O0468,P0210,4,3405.03,17.78
I00845,O0410,P0434,5,1406.9,36.04
I00846,O0033,P0087,3,2813.1,67.08
I00847,O0186,P0209,2,216.42,0.07
I00848,O0289,P0060,1,3563.82,18.97
I00849,O0093,P0061,1,2014.32,72.7
I00850,O0190,P0026,2,2081.34,31.89
I00851,O0088,P0481,5,2001.97,50.87
I00852,O0148,P0106,3,2524.81,74.41
I00853,O0337,P0226,2,2823.38,35.17
I00854,O0300,P0205,5,2152.89,99.76
I00855,O0271,P0272,5,747.27,8.41
I00856,O0117,P0107,-1,3021.35,72.42
I00857,O0276,P0080,2,432.63,73.03
I00858,O0487,P0132,2,2592.16,16.58
I00859,O0259,P0310,5,274.63,2.84
I00860,O0216,P0374,3,2338.88,8.71
I00861,O0223,P0025,1,3591.54,66.63
I00862,O0329,P0131,5,470.3,89.89
I00863,O0014,P0399,3,4962.91,20.56
I00864,O0114,P0278,1,3044.08,25.58
I00865,O0190,P0325,1,4423.33,6.5
I00866,O0352,P0328,1,4921.09,36.68
I00867,O0461,P0362,2,2527.29,99.21
I00868,O0423,P0134,2,1427.06,62.5
I00869,O0338,P0269,2,1433.87,95.45
I00870,O0273,P0483,2,1940.44,65.43
I00871,O0306,P0462,3,4143.15,48.26
I00872,O0273,P0045,5,1091.36,82.15
I00873,O0377,P0139,5,3959.3,2.49
I00874,O0286,P0089,1,2885.41,35.92
I00875,O0474,P0253,2,4669.93,54.98
I00876,O0028,P0158,1,4770.46,24.85
I00877,O0225,P0023,2,3393.11,88.65
I00878,O0297,P0398,5,488.99,27.57
I00879,O0364,P0135,2,3386.71,70.93
I00880,O0001,P0440,4,4712.39,21.36
I00881,O0355,P0103,3,4190.57,29.69
I00882,O0150,P0359,5,4765.25,69.73
I00883,O0201,P0027,3,2567.85,48.4
I00884,O0269,P0038,4,4237.12,63.22
I00885,O0473,P0415,1,3428.67,70.72
I00886,O0487,P0423,3,3769.19,50.76
I00887,O0264,P0117,5,3993.14,28.47
I00888,O0452,P0056,2,1426.88,84.54
I00889,O0047,P0199,4,3886.5,11.03
I00890,O0448,P0037,5,909.44,38.87
I00891,O0488,P0478,3,531.33,12.01
I00892,O0418,P0492,2,2912.35,37.24
I00893,O0104,P0256,2,2486.3,77.12
I00894,O0382,P0337,4,2386.81,10.07
I00895,O0219,P0204,5,3129.89,55.49
I00896,O0456,P0277,4,2252.69,52.4
I00897,O0144,P0142,3,4000.25,68.14
I00898,O0066,P0197,4,3242.53,28.46
I00899,O0200,P0489,1,204.68,66.31
I00900,O0097,P0228,1,3264.43,96.9
I00901,O0259,P0025,3,3217.03,71.57
I00902,O0398,P0319,2,3207.0,30.75
I00903,O0178,P0499,1,1818.67,75.34
I00904,O0037,P0357,5,2903.61,65.24
I00905,O0400,P0324,5,3133.97,17.03
I00906,O0367,P0123,4,431.48,53.47
I00907,O0375,P0446,1,1873.18,26.26
I00908,O0407,P0384,5,3007.39,3.25
I00909,O0308,P0171,5,4111.12,68.08
I00910,O0208,P0165,1,2316.25,67.63
I00911,O0232,P0441,-3,2765.74,73.0
I00912,O0486,P0215,3,4226.28,70.76
I00913,O0183,P0041,3,920.27,89.95
I00914,O0334,P0459,5,4644.25,86.62
I00915,O0029,P0035,3,1811.03,98.51
I00916,O0043,P0005,4,1140.45,32.11
I00917,O0206,P0388,1,4588.73,25.21
I00918,O0380,P0361,3,4815.68,97.83
I00919,O0400,P0182,3,3148.71,18.93
I00920,O0222,P0247,2,4430.97,82.8
I00921,O0486,P0386,4,4625.12,89.38
I00922,O0308,P0243,3,3088.09,12.21
I00923,O0081,P0295,4,4159.32,3.61
I00924,O0288,P0109,3,3760.18,9.16
I00925,O0411,P0433,1,683.17,60.85
I00926,O0407,P0496,4,2578.41,55.66
I00927,O0224,P0170,3,975.43,68.1
I00928,O0145,P0298,3,273.44,25.5
I00929,O0264,P0361,2,4184.81,1.72
I00930,O0366,P0104,1,4447.05,93.13
I00931,O0147,P0087,4,3033.66,90.08
I00932,O0303,P0025,2,517.45,56.87
I00933,O0413,P0060,3,1469.8,44.07
I00934,O0239,P0359,3,756.97,49.51
I00935,O0307,P0285,1,4932.21,32.52
I00936,O0334,P0180,4,4084.45,84.36
I00937,O0273,P0055,5,2114.56,35.79
I00938,O0411,P0347,2,604.9,41.56
I00939,O0135,P0164,3,1764.41,3.79
I00940,O0384,P0071,4,2868.4,59.37
I00941,O0383,P0339,3,3430.95,80.03
I00942,O0181,P0019,5,2947.22,44.41
I00943,O0359,P0390,3,2534.48,44.68
I00944,O0025,P0058,5,4073.7,26.25
I00945,O0205,P0101,4,4462.94,47.63
I00946,O0100,P0274,4,1159.62,14.77
I00947,O0397,P0250,4,1666.87,81.64
I00948,O0364,P0220,3,1099.78,74.6
I00949,O0320,P0035,-4,4847.93,39.04
I00950,O0335,P0151,4,3813.53,61.0
I00951,O0309,P0364,2,4856.87,40.12
I00952,O0386,P0399,4,2491.49,16.43
I00953,O0233,P0164,5,4956.11,98.28
I00954,O0229,P0019,3,4582.83,91.91
I00955,O0365,P0020,5,4162.95,96.48
I00956,O0171,P0055,5,2762.36,82.67
I00957,O0110,P0205,3,454.89,49.88
I00958,O0033,P0019,4,3466.29,62.05
I00959,O0035,P0310,5,1302.67,1.67
I00960,O0420,P0417,5,2594.97,12.81
I00961,O0128,P0480,2,2159.11,5.94
I00962,O0036,P0280,-2,1204.82,20.92
I00963,O0329,P0064,4,1660.58,89.32
I00964,O0291,P0274,1,3117.54,8.37
I00965,O0249,P0341,2,3351.78,11.14
I00966,O0214,P0288,5,589.48,87.98
I00967,O0210,P0457,1,3387.99,70.7
I00968,O0431,P0275,1,1979.51,24.57
I00969,O0267,P0244,3,2373.62,23.98
I00970,O0188,P0497,4,2210.83,88.75
I00971,O0450,P0210,2,695.56,6.92
I00972,O0200,P0489,2,1123.34,34.54
I00973,O0416,P0443,2,3892.86,76.73
I00974,O0407,P0071,3,1514.9,13.11
I00975,O0195,P0452,2,2300.09,94.49
I00976,O0403,P0313,5,4335.76,27.04
I00977,O0062,P0070,4,597.58,72.52
I00978,O0062,P0209,4,3193.21,59.3
I00979,O0020,P0360,5,1108.6,2.29
I00980,O0341,P0077,5,3952.9,34.6
I00981,O0348,P0094,3,4654.53,88.2
I00982,O0181,P0124,-4,3725.63,78.03
I00983,O0229,P0364,4,4820.8,22.45
I00984,O0449,P0406,1,1665.54,36.0
I00985,O0146,P0495,4,887.14,79.87
I00986,O0327,P0348,2,4747.46,20.76
I00987,O0103,P0371,5,1395.36,12.37
I00988,O0256,P0003,5,2489.58,36.74
I00989,O0003,P0430,5,2557.96,78.7
I00990,O0150,P0052,1,2524.62,12.86
I00991,O0165,P0042,-5,1752.44,78.87
I00992,O0476,P0162,3,1756.23,16.79
I00993,O0446,P0423,2,4510.72,96.02
I00994,O0254,P0384,2,4763.12,75.07
I00995,O0247,P0318,1,1046.49,95.05
I00996,O0337,P0004,2,3561.71,67.09
I00997,O0376,P0213,2,1124.98,11.92
I00998,O0025,P0358,2,1459.0,57.03
I00999,O0355,P0375,3,4661.74,96.92
I01000,O0357,P0444,4,4856.88,80.35
