customer_id,customer_name,email,registration_date,customer_type
C0001,Zachary Burke,edward54@example.net,2026-01-08,VIP
C0002,Samuel Ellis,alyssa99@example.org,2025-01-16,VIP
C0003,Terrence Hahn,rickybrooks@example.org,2026-04-18,VIP
C0004,Diana Duran,victorcampbell@example.com,2025-12-15,REGULAR
C0005,Sean Brooks,kevinbryan@example.org,2026-02-19,PREMIUM
C0006,Sandra Gibson,jasmine99@example.net,2025-07-27,PREMIUM
C0007,Amber Fletcher,patrick21@example.org,2026-03-15,VIP
C0008,Lisa Mejia,bfranklin@example.org,2025-09-05,REGULAR
C0009,Colleen Anderson,hayeschristina@example.org,2024-12-08,VIP
C0010,Melissa Horton,victoria67@example.com,2025-07-16,REGULAR
C0011,Dennis Snyder,kevingarcia@example.net,2025-12-06,REGULAR
C0012,Erin Davis,crystalrichardson@example.net,2025-09-05,VIP
C0013,Corey Williams,gordonsylvia@example.com,2026-06-04,PREMIUM
C0014,Karen Butler,robbinsvictoria@example.net,2024-08-08,VIP
C0015,Michael Harris Jr.,gchapman@example.com,2026-05-15,PREMIUM
C0016,Kayla Caldwell,muellercharles@example.org,2024-10-25,PREMIUM
C0017,Randy Ferguson,charlesnolan@example.net,2026-05-18,VIP
C0018,Peter Smith,richardsontiffany@example.net,2024-12-03,VIP
C0019,Melinda Walsh,stephenmitchell@example.org,2026-03-15,REGULAR
C0020,Yolanda Mayo,riddledavid@example.org,2025-01-02,VIP
C0021,Amy Gill,swood@example.net,2025-10-03,PREMIUM
C0022,Chris Freeman,amartin@example.net,2025-01-09,PREMIUM
C0023,Rachel Hardy,reynoldsmark@example.org,2025-04-27,REGULAR
C0024,Ronald Richard,lawrenceluke@example.net,2024-08-16,REGULAR
C0025,Kimberly Chen,matthew41@example.org,2026-01-10,PREMIUM
C0026,Heather Lynch,morgangabriela@example.com,2025-02-12,VIP
C0027,Brandon Fields,katelyngallagher@example.org,2025-07-02,VIP
C0028,Paige Smith,vchristensen@example.org,2024-07-10,PREMIUM
C0029,Mark Hill,lynndaniel@example.net,2026-07-09,REGULAR
C0030,Mary Poole,nicole31@example.net,2024-08-28,REGULAR
C0031,Jason Kirk,gonzalezamy@example.org,2025-05-09,VIP
C0032,Gabriel Ali,hannah21@example.net,2025-04-03,VIP
C0033,Jennifer Riley,carlpotter@example.org,2025-07-15,PREMIUM
C0034,Michael Allen,cassandra05@example.com,2026-03-22,REGULAR
C0035,Travis Bailey,jmosesexample.org,2025-04-07,REGULAR
C0036,Christopher Gonzalez,olee@example.com,2025-11-16,PREMIUM
C0037,Kenneth Sampson,qanderson@example.org,2024-08-23,VIP
C0038,Christine Dudley,lwebb@example.com,2026-05-04,REGULAR
C0039,Adrienne Berry,johnstonjennifer@example.com,2026-05-13,PREMIUM
C0040,Derrick Sanchez,mfisher@example.com,2026-03-17,PREMIUM
C0041,Ruben Mason,phillip92@example.net,2025-02-14,REGULAR
C0042,Taylor Walker,stevennichols@example.net,2026-02-13,REGULAR
C0043,Catherine Leblanc DVM,melanie93@example.com,2025-02-28,VIP
C0044,Phillip Noble,connerheather@example.com,2025-08-04,VIP
C0045,Stephanie Warren,lisaquinn@example.org,2024-10-28,REGULAR
C0046,Stephanie Smith,kelsey84@example.com,2026-07-04,VIP
C0047,Kelly Atkins,anitajones@example.com,2026-06-25,VIP
C0048,Caitlin Johnson,stacey30@example.org,2025-10-03,PREMIUM
C0049,Laura Johnson,fwalker@example.org,2025-12-02,PREMIUM
C0050,Keith Mcdonald,rodriguezkimberly@example.org,2024-07-12,PREMIUM
C0051,Jennifer Sherman,qdavis@example.com,2025-02-12,PREMIUM
C0052,Margaret Bryant,morristerrance@example.net,2026-03-16,REGULAR
C0053,Jacqueline Lawrence,claire49@example.org,2024-11-07,VIP
C0054,Kyle Brown,geraldlarsonexample.com,2024-09-07,REGULAR
C0055,Elizabeth Bell,operez@example.org,2025-10-17,PREMIUM
C0056,Sherri Pierce,brian96@example.net,2026-02-24,PREMIUM
C0057,Garrett Carroll,hansenthomas@example.com,2025-06-04,PREMIUM
C0058,Kristen Richardson,markwatson@example.org,2024-11-09,PREMIUM
C0059,Courtney Clark,simpsonmegan@example.com,2025-07-10,REGULAR
C0060,Renee Jones,martinmatthew@example.com,2026-05-28,VIP
C0061,Sandra Perry,kingkelly@example.org,2026-01-13,VIP
C0062,Steven Chapman,parkertyler@example.com,2025-05-12,REGULAR
C0063,Hector Lane,dawn07@example.com,2024-12-26,REGULAR
C0064,Dale Ball,jasmine34@example.com,2025-07-16,VIP
C0065,Leslie Eaton,coxcorey@example.net,2024-11-06,REGULAR
C0066,Paula Hardy,tamara37example.net,2025-07-28,PREMIUM
C0067,Rebecca Jensen,jenniferblevins@example.com,2025-08-22,VIP
C0068,Brittany Gilmore,patriciadixon@example.com,2024-10-10,PREMIUM
C0069,Holly Coleman,ryan69@example.com,2025-02-24,VIP
C0070,Mr. David Murphy,ecoleman@example.com,2024-12-23,VIP
C0071,Dr. Michelle Mckay,hernandezebony@example.org,2026-01-07,REGULAR
C0072,Patrick Johnson,milleramber@example.com,2024-12-31,REGULAR
C0073,Teresa Bird,camachokaren@example.net,2026-01-30,PREMIUM
C0074,Elizabeth Chambers,matthewwilcox@example.com,2025-04-03,VIP
C0075,Kyle Smith DDS,wperry@example.net,2026-01-30,REGULAR
C0076,Pamela Phillips,amber79@example.net,2025-12-09,REGULAR
C0077,Sylvia Mitchell,tgonzales@example.com,2025-01-16,REGULAR
C0078,Noah Smith,johnweber@example.org,2026-01-01,VIP
C0079,Christopher Jackson,williamsonchristopher@example.net,2025-01-13,VIP
C0080,Megan Gibson,rasmussenlaura@example.org,2026-05-22,VIP
C0081,Sarah Burton,jacobmartinez@example.org,2026-01-08,PREMIUM
C0082,Paige Pugh,morganjohn@example.com,2025-04-05,REGULAR
C0083,Audrey Pearson,christine44@example.org,2025-03-10,PREMIUM
C0084,John Gonzalez,harrisamanda@example.net,2025-04-07,PREMIUM
C0085,Sarah Brown,laurenanderson@example.com,2025-11-30,VIP
C0086,Gabriela Russell MD,shannonmiller@example.org,2025-09-28,VIP
C0087,Crystal Mcknight,christophertaylor@example.com,2024-09-26,PREMIUM
C0088,Annette Roman,smithalexandra@example.net,2025-12-16,REGULAR
C0089,Warren Rodriguez,carloswest@example.net,2026-04-27,REGULAR
C0090,Patricia King,xwoods@example.net,2025-09-07,VIP
C0091,Sharon Reyes,michaeldavis@example.org,2025-12-17,PREMIUM
C0092,Donna Martinez,melissaedwards@example.org,2026-03-18,REGULAR
C0093,James Martinez,tboyd@example.org,2025-09-22,REGULAR
C0094,Benjamin Curtis,scotttorres@example.com,2026-06-24,REGULAR
C0095,Matthew Frank,carolyn09@example.net,2025-01-05,VIP
C0096,John Romero,pollardjames@example.net,2024-07-19,PREMIUM
C0097,Amber Pacheco,travisflynn@example.org,2025-04-16,REGULAR
C0098,Michael Carter,ttorres@example.org,2025-07-16,VIP
C0099,Theresa Hill,ogonzalez@example.net,2024-12-09,VIP
C0100,Deborah Burke,jamesmurray@example.org,2025-02-14,REGULAR
C0101,Christopher Simon,bmiller@example.org,2025-07-17,PREMIUM
C0102,Charles Arnold,stephanieguerrero@example.org,2026-03-07,VIP
C0103,Jeffrey Kelly,jeffrey58@example.com,2025-10-15,VIP
C0104,John Garcia,pattersonsavannah@example.com,2025-02-06,PREMIUM
C0105,Jordan Monroe,mholland@example.com,2025-02-08,REGULAR
C0106,Stephen Brown,ronaldperez@example.com,2025-09-19,REGULAR
C0107,Patrick Fox,donna57@example.com,2025-03-02,PREMIUM
C0108,Kelly Wright,ecooke@example.net,2024-11-17,PREMIUM
C0109,Troy Sanchez,ramirezelaine@example.com,2024-12-12,PREMIUM
C0110,Samantha Hancock,mariamurphy@example.org,2026-01-08,PREMIUM
C0111,Michelle Murphy,kaylathompson@example.net,2024-07-29,REGULAR
C0112,Philip Craig,louis36@example.org,2026-05-21,REGULAR
C0113,Deanna Johnson,amybrown@example.com,2025-09-15,REGULAR
C0114,Cheryl Pace,tiffany05@example.net,2025-02-01,VIP
C0115,Amy Adams,econner@example.net,2025-08-15,VIP
C0116,David Valencia,walkerrhonda@example.com,2026-02-03,VIP
C0117,Heather Smith,wtate@example.org,2025-02-28,VIP
C0118,Kyle Browning,robertsonjessica@example.com,2024-12-17,REGULAR
C0119,Jeffery Frank,david61@example.com,2025-12-26,REGULAR
C0120,Deborah Wilkerson,sheltonmark@example.net,2025-07-12,PREMIUM
C0121,Mathew Martin,paul20@example.com,2026-05-02,PREMIUM
C0122,Rachel Long,scottnathan@example.net,2024-10-19,REGULAR
C0123,Jennifer Long,dcrane@example.org,2026-05-22,REGULAR
C0124,Judy Wheeler,hhernandez@example.com,2025-06-08,PREMIUM
C0125,Timothy Richardson,tiffanymoore@example.com,2025-07-29,PREMIUM
C0126,Derrick Anthony,daviddavis@example.com,2026-05-15,VIP
C0127,Joanna Gutierrez,ronniewilliams@example.org,2025-05-04,REGULAR
C0128,Chris Jackson,jacksondavid@example.com,2024-09-28,REGULAR
C0129,Andrea Coleman,thompsonkenneth@example.net,2025-07-06,VIP
C0130,Jeffrey Taylor,harringtonkatherine@example.com,2026-02-17,PREMIUM
C0131,Ruben Brown,otorres@example.com,2026-06-09,VIP
C0132,Victor Jefferson,dianeburke@example.org,2026-07-02,PREMIUM
C0133,Victoria Davis,penningtonbradley@example.org,2024-09-18,REGULAR
C0134,Bruce Riley,ogill@example.net,2025-01-28,VIP
C0135,Lisa Morris,faulkneradriana@example.net,2025-01-22,REGULAR
C0136,Mrs. Diane Bryant MD,blevinsemily@example.com,2025-02-22,PREMIUM
C0137,Jasmin Greene,hdiaz@example.net,2026-05-12,PREMIUM
C0138,Courtney Mcintyre,akennedy@example.org,2026-04-16,VIP
C0139,Jose Baldwin,castillokayla@example.org,2024-10-25,REGULAR
C0140,Gabriel Snyder,sphillips@example.com,2026-04-29,PREMIUM
C0141,Matthew King,flemingjacqueline@example.com,2025-12-18,VIP
C0142,Christina Thomas DVM,lauren92@example.com,2025-07-13,VIP
C0143,Mark Sanchez,cheryl64@example.com,2025-03-17,REGULAR
C0144,Jackson Smith,robertfigueroa@example.org,2024-10-27,VIP
C0145,Heather Davis,raycarlos@example.net,2024-12-17,PREMIUM
C0146,Sarah Blanchard,tbird@example.net,2025-12-30,REGULAR
C0147,John Saunders,nnolan@example.com,2025-03-22,PREMIUM
C0148,Kelsey Brennan,rachel91@example.net,2024-11-15,VIP
C0149,Richard Koch DDS,austin60@example.com,2025-12-21,REGULAR
C0150,Lorraine Jackson,hullheidi@example.org,2025-04-03,PREMIUM
C0151,Christina Davis,burnettamanda@example.org,2026-03-31,VIP
C0152,Dr. David Weeks,campbelldavid@example.org,2025-02-08,REGULAR
C0153,Laura Fletcher,tarastrong@example.net,2024-11-22,PREMIUM
C0154,Bridget Olsen,ibarraalexis@example.org,2025-05-22,VIP
C0155,Brian Davis MD,hcox@example.com,2025-09-28,PREMIUM
C0156,David Chavez,qneal@example.net,2025-05-23,PREMIUM
C0157,Kyle Warner,jchurch@example.org,2026-03-28,VIP
C0158,Monique Barnes,gilesstephanie@example.com,2025-08-12,REGULAR
C0159,Blake Taylor,deckervanessa@example.net,2025-06-29,REGULAR
C0160,Brittney Hensley,gharding@example.org,2026-06-07,REGULAR
C0161,Kim Marshall,jonathonalexander@example.net,2025-08-23,VIP
C0162,James Thomas,sharpshelby@example.net,2024-07-29,REGULAR
C0163,Joann Bailey,frobinson@example.org,2025-04-03,PREMIUM
C0164,Brent Crawford,jessica41@example.net,2026-06-11,VIP
C0165,Christopher Dunn,tony83@example.net,2025-11-18,VIP
C0166,Carl Barnett,sarahgill@example.org,2024-12-21,REGULAR
C0167,Anthony Cunningham,joseph88@example.net,2024-11-12,VIP
C0168,Jennifer Miller,spencerpowell@example.net,2024-12-12,VIP
C0169,Sophia Reyes,walleranthony@example.org,2025-03-29,REGULAR
C0170,Elizabeth Hart,katrinanolan@example.net,2025-01-19,PREMIUM
C0171,Shawn Smith,uthomas@example.net,2025-05-03,PREMIUM
C0172,Katie Jones,gomezwanda@example.com,2025-10-29,PREMIUM
C0173,Katelyn Sanders,maria36@example.org,2025-09-06,VIP
C0174,Michelle Flores,cody94@example.net,2026-03-14,VIP
C0175,Daniel Daniels,anthony89@example.net,2026-04-03,VIP
C0176,Daniel Novak,brian52@example.org,2025-09-03,REGULAR
C0177,Gregory Hughes,ugibson@example.com,2025-02-27,REGULAR
C0178,Victoria Wilson,ipeterson@example.com,2025-12-27,REGULAR
C0179,Ryan Wilson,ethan03@example.org,2026-05-09,PREMIUM
C0180,Susan Miller,tinadavis@example.net,2026-07-07,PREMIUM
C0181,Kristi Sims,eali@example.net,2024-11-15,VIP
C0182,Amanda Forbes,kentmary@example.com,2025-02-12,VIP
C0183,Maria Simmons,gkim@example.org,2024-07-26,PREMIUM
C0184,Angela Garcia,brendamiller@example.org,2025-08-29,VIP
C0185,Amy Mueller,ujohnson@example.org,2025-06-18,VIP
C0186,Ellen Richardson,danielgardner@example.com,2025-12-18,REGULAR
C0187,Nicholas Goodwin,bryan26@example.com,2025-08-31,REGULAR
C0188,Jonathan Garcia,johnspears@example.net,2025-06-27,PREMIUM
C0189,Angel Jimenez,estescody@example.org,2024-09-09,PREMIUM
C0190,Cassandra Coleman,wjohnson@example.org,2026-04-14,PREMIUM
C0191,John King,rogersangel@example.org,2025-07-22,PREMIUM
C0192,Andrea Roy,katherine85@example.org,2026-06-25,REGULAR
C0193,Frederick Fisher,cbryant@example.net,2025-02-16,PREMIUM
C0194,Elizabeth Norris,juliechang@example.com,2024-07-27,PREMIUM
C0195,Meredith Smith,wrightkelly@example.org,2025-03-10,REGULAR
C0196,Carol Nelson,perezashley@example.org,2025-02-16,PREMIUM
C0197,Benjamin Smith,johnsonlogan@example.com,2026-06-11,REGULAR
C0198,Tracey Figueroa,ohardy@example.com,2025-05-29,PREMIUM
C0199,Kimberly Mason,kellyyoung@example.org,2026-03-20,VIP
C0200,Shannon Mcmillan,ryanpace@example.net,2026-03-30,VIP
C0201,Natalie Lopez,nguyenjennifer@example.com,2024-09-08,VIP
C0202,Rachel Kemp,foleyraymond@example.org,2025-04-11,PREMIUM
C0203,Jordan Stein,nguyenvalerie@example.org,2025-09-13,PREMIUM
C0204,Dr. Erika Clark,rachelbruceexample.net,2024-09-28,REGULAR
C0205,Michael Duncan,zbest@example.net,2024-10-05,REGULAR
C0206,Dawn Bean,derekjacobs@example.com,2024-10-19,PREMIUM
C0207,Seth Morgan,shawnbeasley@example.com,2024-11-02,REGULAR
C0208,David Dorsey,cherylgarcia@example.net,2026-04-15,REGULAR
C0209,Maureen Foley,matthew94@example.net,2025-01-19,REGULAR
C0210,Joel Foster,ingramrobert@example.org,2024-11-18,REGULAR
C0211,Sarah Haney,elizabeth96@example.com,2025-08-20,REGULAR
C0212,Francisco Gray,katelynnelson@example.net,2025-11-03,VIP
C0213,Stephanie Chang,jamespatrick@example.com,2024-09-14,REGULAR
C0214,Eric Hernandez,robert88@example.com,2025-05-12,PREMIUM
C0215,Ryan Clark,qanderson@example.org,2024-12-05,VIP
C0216,Christopher Gilmore,robert25@example.org,2024-07-11,REGULAR
C0217,Thomas Russell,ereyes@example.net,2025-11-13,VIP
C0218,Jonathan Fisher,richard38@example.net,2025-03-06,REGULAR
C0219,Mrs. Dana Thomas,thomasdevon@example.net,2025-11-03,REGULAR
C0220,Alejandra Neal,lisa62@example.com,2024-08-21,PREMIUM
C0221,Edward Hughes,brandon01@example.com,2024-12-16,REGULAR
C0222,Jamie Soto,kimberlynguyen@example.net,2025-08-16,VIP
C0223,William Bailey,brian85@example.org,2024-08-25,VIP
C0224,Brandon Cobb,whiteamanda@example.org,2025-03-26,PREMIUM
C0225,Spencer Saunders,kayala@example.org,2025-10-03,VIP
C0226,Laura Mckenzie,matthew26@example.com,2024-10-05,REGULAR
C0227,Megan Rodriguez,garrettjackson@example.org,2025-04-18,PREMIUM
C0228,Emily Alvarado,shawmelissa@example.net,2024-09-18,VIP
C0229,Diana Fitzgerald,smora@example.net,2026-03-24,VIP
C0230,Amanda Morgan,morrisonpaul@example.net,2024-09-13,REGULAR
C0231,Tyler Edwards,bobbyhill@example.com,2024-11-26,PREMIUM
C0232,John Rogers,wthompson@example.org,2025-08-22,PREMIUM
C0233,Tyler Brown,wgardner@example.org,2024-10-27,REGULAR
C0234,Taylor Moore,joseayala@example.org,2025-06-07,PREMIUM
C0235,Jennifer Flores,abush@example.com,2024-12-05,VIP
C0236,Bradley Rose,pmathews@example.org,2026-04-27,VIP
C0237,Monica Hall,michael42@example.net,2026-03-14,REGULAR
C0238,Alexander Miller,katherine62@example.com,2024-11-20,REGULAR
C0239,Daniel Bean,egarza@example.net,2026-06-24,VIP
C0240,Amanda Williams,millermeghan@example.com,2025-11-24,PREMIUM
C0241,Susan Massey,cynthiamonroe@example.org,2025-02-09,REGULAR
C0242,Misty Santiago,toddrandy@example.com,2024-12-01,VIP
C0243,Mark Jones,callen@example.net,2025-04-02,VIP
C0244,Sally Bennett,ashley66@example.com,2026-07-07,REGULAR
C0245,Cory Long,cbrown@example.org,2025-10-26,REGULAR
C0246,Heather Williams,wmitchell@example.net,2026-06-22,REGULAR
C0247,Richard Pierce,mannelizabeth@example.org,2024-09-16,PREMIUM
C0248,Thomas Morton,laura14@example.org,2025-10-04,PREMIUM
C0249,James Clarke,zmarquez@example.net,2026-05-26,VIP
C0250,Michael Morris,iwhite@example.net,2026-04-28,VIP
C0251,Danielle Martinez,kimberlyhall@example.org,2025-10-11,VIP
C0252,Tyler York,kwilliams@example.com,2026-02-12,PREMIUM
C0253,Nathan Jackson,julie49@example.net,2025-08-29,VIP
C0254,Matthew Cisneros,katherine80@example.org,2025-01-07,REGULAR
C0255,Jill Sanders,youngbrittany@example.org,2025-03-16,PREMIUM
C0256,Shawn Butler,sdelacruz@example.net,2025-08-09,PREMIUM
C0257,Karen Jackson,nunezrachel@example.net,2024-08-07,PREMIUM
C0258,Ryan Torres,roy85@example.org,2026-05-15,REGULAR
C0259,Christine Cabrera,sanchezcraig@example.net,2026-06-07,REGULAR
C0260,Adam Owens,lwhite@example.org,2026-05-21,VIP
C0261,Steven Hayes,whitecharles@example.org,2024-07-11,REGULAR
C0262,Jennifer Lawson,brandyharrington@example.com,2026-06-14,REGULAR
C0263,Angela Wolfe,adam67@example.com,2025-05-25,REGULAR
C0264,Jason West,karen99example.net,2025-02-14,PREMIUM
C0265,Meagan Hogan,kochcarlos@example.com,2025-09-08,REGULAR
C0266,Sara Matthews,jasonle@example.com,2024-08-12,PREMIUM
C0267,Brenda Evans,sarahmccoy@example.com,2024-10-15,REGULAR
C0268,Joseph Thomas,kim51@example.net,2025-01-26,VIP
C0269,Greg Wallace,jamesgriffin@example.net,2025-01-10,PREMIUM
C0270,Frank Thomas,masonwall@example.com,2025-09-14,VIP
C0271,Sarah Rogers,kimberlysmith@example.com,2026-05-24,REGULAR
C0272,Danny Nelson,ryan90@example.org,2024-07-14,REGULAR
C0273,Richard Ruiz,keithkathy@example.net,2026-05-25,PREMIUM
C0274,Andrea Michael,rgordon@example.net,2024-10-18,REGULAR
C0275,Katherine Turner,peter76@example.net,2025-01-10,PREMIUM
C0276,Kimberly Garrett,debbiemorrison@example.net,2024-07-10,VIP
C0277,Kelly Snow,jdaniel@example.org,2026-04-22,REGULAR
C0278,Eric Anderson,smithlaura@example.org,2025-04-22,VIP
C0279,Brady Carroll,harrissamantha@example.org,2024-11-13,REGULAR
C0280,Donna Ortega,joseph67@example.org,2025-12-18,VIP
C0281,Lauren Wilkerson,rachel64@example.net,2025-05-27,PREMIUM
C0282,Laura Wyatt,laurenfritz@example.org,2025-07-31,PREMIUM
C0283,Diana Miller,brookssusanexample.com,2024-10-23,REGULAR
C0284,Samuel Leonard,ryan50@example.net,2025-09-23,PREMIUM
C0285,Tammy Willis,jmorgan@example.org,2024-07-16,PREMIUM
C0286,Brent May,shorton@example.com,2026-01-18,REGULAR
C0287,Jessica Ramirez,rmurphy@example.org,2025-11-19,REGULAR
C0288,Gabrielle Medina,sjensen@example.org,2025-11-17,VIP
C0289,Adam Fleming,garrettgordon@example.org,2026-06-22,PREMIUM
C0290,Corey Hurley,mcdonaldfrances@example.com,2026-06-27,VIP
C0291,Melissa Archer,jwalker@example.net,2024-08-17,PREMIUM
C0292,Carolyn Ryan,deborah97@example.org,2025-03-06,REGULAR
C0293,Brittany Wilson,robertrivas@example.net,2024-12-25,PREMIUM
C0294,Charles Barber,treese@example.org,2024-11-09,PREMIUM
C0295,Wayne Morton,michael50@example.com,2025-12-20,PREMIUM
C0296,Heidi Fernandez,james16@example.org,2026-04-30,VIP
C0297,James Perez,knelson@example.org,2024-11-18,VIP
C0298,Karl Mitchell,shieldsbenjamin@example.net,2025-09-13,PREMIUM
C0299,Kerry Smith,nancy06@example.org,2025-11-20,REGULAR
C0300,Marcus Cole,velasqueztiffany@example.com,2025-10-15,PREMIUM
C0301,Stacy Shaw,alyssapeters@example.com,2025-01-25,PREMIUM
C0302,Anna Allen,bjackson@example.net,2025-10-06,REGULAR
C0303,Tiffany Martinez,tracysmith@example.org,2024-08-16,PREMIUM
C0304,Courtney Romero,peggygarza@example.com,2025-01-13,VIP
C0305,Susan Goodman,brandonsanchez@example.org,2025-07-18,VIP
C0306,Jack Dixon,elizabeth80@example.net,2024-09-04,VIP
C0307,Julie Moore,justin45@example.net,2025-02-25,REGULAR
C0308,Charles Hooper,qstrickland@example.com,2024-11-22,REGULAR
C0309,Yolanda Carlson,iwheeler@example.com,2025-06-10,VIP
C0310,Sheila Valentine,mpena@example.org,2025-11-11,REGULAR
C0311,Terry Wilkerson,chad89@example.net,2025-05-19,REGULAR
C0312,Angela Spears,carcher@example.com,2025-03-15,REGULAR
C0313,Kevin White,charlesguerra@example.org,2025-12-24,VIP
C0314,William Fox,audreywelch@example.com,2024-12-17,PREMIUM
C0315,Karen Austin,masondebra@example.org,2026-04-30,PREMIUM
C0316,Priscilla Malone,ufrazier@example.com,2024-09-14,REGULAR
C0317,Bryan Davis,justin38@example.net,2025-11-05,PREMIUM
C0318,Justin Wilson,jeffrey78@example.net,2025-07-14,PREMIUM
C0319,Mrs. Samantha James DDS,eunderwood@example.org,2024-09-15,VIP
C0320,Jennifer Villanueva,phunter@example.org,2026-04-26,VIP
C0321,Donna Goodwin,dsims@example.com,2025-11-29,REGULAR
C0322,Raymond Howard,crystal70@example.com,2025-06-29,PREMIUM
C0323,Ryan Thomas,laurenreid@example.com,2025-09-20,VIP
C0324,Tracy Davis,steven04@example.net,2024-11-02,REGULAR
C0325,Kenneth Richards,pruittjuan@example.com,2026-01-06,VIP
C0326,Marissa Richmond,jamessanders@example.com,2025-08-29,PREMIUM
C0327,April Wood,alejandralove@example.org,2024-11-02,REGULAR
C0328,Rhonda Phelps,msmith@example.com,2025-02-01,PREMIUM
C0329,Carol Molina,joel93@example.com,2026-01-25,VIP
C0330,James Mcknight Jr.,vickie54@example.net,2026-03-27,PREMIUM
C0331,Cindy Gates,brandonsanchez@example.com,2025-08-03,VIP
C0332,David Clark,qbrown@example.com,2025-02-11,PREMIUM
C0333,Nicole Bowman,batespamela@example.com,2026-06-28,REGULAR
C0334,Mary Nguyen,tranfranklin@example.net,2025-05-05,REGULAR
C0335,William Jacobs,janice86@example.net,2026-01-23,PREMIUM
C0336,Travis Kaufman,hugheskara@example.net,2025-11-20,VIP
C0337,Victoria Miller,christopherrogers@example.net,2024-10-17,VIP
C0338,Jennifer Baker,bmason@example.net,2025-11-27,REGULAR
C0339,Jason Bishop,ovaughan@example.net,2026-05-24,VIP
C0340,Tara Haley,james09@example.net,2024-09-17,REGULAR
C0341,Mr. Jeffrey Lewis,lcurry@example.net,2024-09-14,VIP
C0342,Joseph Merritt,emoon@example.com,2025-07-22,VIP
C0343,Ethan Macias,pauldavis@example.net,2026-02-02,PREMIUM
C0344,James Hoffman,lauranichols@example.com,2025-06-26,PREMIUM
C0345,Tricia Green,tiffanycabrera@example.net,2024-10-12,PREMIUM
C0346,Rebecca Jordan,macdonaldthomas@example.org,2025-10-19,VIP
C0347,Dr. David Lawrence MD,kellernicholas@example.com,2025-05-21,VIP
C0348,Bonnie Clark,anthony72@example.net,2025-01-30,REGULAR
C0349,Jason Williams,csanders@example.org,2025-08-03,VIP
C0350,Valerie Austin,aguirrekayla@example.org,2025-01-29,VIP
C0351,Brian Evans,randy82@example.com,2025-08-10,VIP
C0352,Bruce Jones,nrobinson@example.net,2025-08-04,VIP
C0353,Henry Warren,nicholasharmon@example.org,2025-10-17,PREMIUM
C0354,Michael Thomas,carmenriley@example.org,2025-09-03,REGULAR
C0355,Mr. Phillip Garrison DVM,jeffreymaldonadoexample.net,2026-05-09,PREMIUM
C0356,Carol Sanchez,jacob90@example.net,2025-05-04,REGULAR
C0357,Kevin Howe,blyons@example.com,2025-06-11,VIP
C0358,Sandra Figueroa,tbriggs@example.org,2025-11-15,REGULAR
C0359,George Holt,phillip71@example.org,2024-09-09,VIP
C0360,Jodi Cantrell DDS,perezkelli@example.net,2026-06-23,PREMIUM
C0361,Brian Miller,nbrooks@example.net,2026-04-18,REGULAR
C0362,Zachary Hernandez,angelica55@example.com,2026-06-08,REGULAR
C0363,Joshua Guzman,johnmelendezexample.org,2025-04-02,REGULAR
C0364,William Clark,ochoaelizabeth@example.org,2024-10-17,REGULAR
C0365,James Holder,manuelvasquez@example.net,2026-06-30,PREMIUM
C0366,Nathaniel Jones,simonmichelle@example.com,2025-09-11,VIP
C0367,Lisa Murray,theresa33@example.com,2025-06-16,PREMIUM
C0368,Angela Cisneros,smithcynthia@example.org,2024-07-27,PREMIUM
C0369,Elizabeth Massey,cathy52@example.com,2025-02-09,VIP
C0370,Abigail Hawkins,villanuevaaustin@example.org,2024-07-24,PREMIUM
C0371,Kenneth Bauer,andrew93@example.org,2024-07-22,REGULAR
C0372,Matthew Hernandez,wfaulkner@example.org,2024-09-09,VIP
C0373,Kevin Grant,amanda27@example.org,2025-03-20,VIP
C0374,Patrick Garcia,brandi11@example.net,2025-10-19,PREMIUM
C0375,Regina Baxter,krodriguez@example.com,2024-12-01,PREMIUM
C0376,Joseph Stafford,deannapatel@example.org,2025-06-22,VIP
C0377,Julie Jennings,tiffanyfritz@example.com,2024-07-31,REGULAR
C0378,Matthew Bennett,yangstephanie@example.org,2025-10-17,REGULAR
C0379,Julie Jackson,kristen22@example.com,2025-04-28,PREMIUM
C0380,Marissa Cooley,parrishmichael@example.org,2025-11-25,REGULAR
C0381,Lisa Ellison,scottflores@example.org,2024-08-10,PREMIUM
C0382,Carol Mccall,petersenmichael@example.com,2025-06-12,PREMIUM
C0383,Heather Smith,jonathan31@example.org,2025-12-26,PREMIUM
C0384,Jennifer Mathis,grahamchristopher@example.net,2026-03-20,VIP
C0385,Thomas Todd,robertsonjessica@example.net,2026-02-04,PREMIUM
C0386,Michelle Casey,dwhitaker@example.net,2024-10-30,PREMIUM
C0387,Charles Figueroa,ucampbell@example.net,2026-03-18,VIP
C0388,Michelle Smith,kevin43@example.net,2026-05-08,VIP
C0389,Chad Wu,qwallace@example.org,2024-07-26,PREMIUM
C0390,Laura Clark,robinsonjessica@example.net,2026-07-06,VIP
C0391,Terry Larsen,osnow@example.net,2026-01-19,PREMIUM
C0392,John Gallegos,keith38@example.com,2024-10-07,PREMIUM
C0393,Anthony Meadows,daniel58@example.com,2025-04-26,PREMIUM
C0394,Michelle Cruz,wilsonlindsey@example.net,2025-10-15,REGULAR
C0395,Lisa Williams,garciamichael@example.org,2024-10-16,REGULAR
C0396,Sean Peters,jacksondesiree@example.net,2025-10-20,PREMIUM
C0397,Dennis Stuart,vsmith@example.net,2025-05-09,VIP
C0398,Terry Pitts,aguzman@example.net,2024-09-01,REGULAR
C0399,Diane Booker,heather35@example.net,2026-05-28,REGULAR
C0400,Jim Baker,arosario@example.net,2024-12-10,REGULAR
C0401,Tamara Mitchell,ramirezmarc@example.com,2025-05-28,REGULAR
C0402,Joanna Mitchell,susan18@example.com,2025-04-20,REGULAR
C0403,Travis Garcia,sheltonshawn@example.org,2025-11-02,REGULAR
C0404,Lisa Escobar,joseph38@example.org,2025-05-06,REGULAR
C0405,Kelly Johnson,wshort@example.org,2024-09-09,PREMIUM
C0406,Jason Daniels,browntristan@example.com,2024-11-29,VIP
C0407,Audrey Rose,yleon@example.org,2025-11-01,VIP
C0408,Sherry Cole,connor16@example.net,2025-06-06,PREMIUM
C0409,Bonnie Hunter,kristisanchez@example.net,2024-09-06,PREMIUM
C0410,Michael Johnson,molsen@example.com,2025-01-29,VIP
C0411,Mary English,jamesjennifer@example.org,2026-05-31,VIP
C0412,Mr. Eric Macdonald,thomashorton@example.net,2025-02-13,PREMIUM
C0413,Michelle Johnson,richard39@example.net,2025-09-12,VIP
C0414,Andrew Rodriguez,cainsarah@example.org,2024-11-22,PREMIUM
C0415,Thomas Brown,hallanna@example.com,2025-08-03,PREMIUM
C0416,Sydney Davis,wadejessica@example.org,2025-11-21,REGULAR
C0417,Joann Jacobson,cindy65@example.com,2025-03-11,PREMIUM
C0418,Dakota Conley,pamelacastro@example.org,2026-04-08,VIP
C0419,Daniel Schmidt,munozjerry@example.org,2025-02-15,VIP
C0420,Vernon Alvarado,matthewtanner@example.net,2025-10-17,REGULAR
C0421,Bruce Warren,danny66@example.org,2025-03-31,VIP
C0422,Joseph Davis,barkerrobert@example.net,2026-03-22,PREMIUM
C0423,Jessica Wilson,xdavis@example.com,2025-09-02,REGULAR
C0424,John Perez,jorgesmith@example.org,2024-10-15,REGULAR
C0425,Kirsten Lawson,jcortez@example.com,2024-10-16,VIP
C0426,Michael Davis,markmoreno@example.net,2026-05-14,PREMIUM
C0427,Jennifer Anderson,tnichols@example.org,2025-07-25,PREMIUM
C0428,Kenneth Prince,katherinemccarthy@example.com,2026-01-24,REGULAR
C0429,Howard Sanders,matthewwatson@example.com,2024-09-27,REGULAR
C0430,Leslie Gonzalez,eric39@example.org,2026-06-12,REGULAR
C0431,David Bishop,rpatton@example.net,2025-02-16,REGULAR
C0432,Lawrence Hodge,michael62@example.com,2024-08-23,PREMIUM
C0433,Matthew Miranda,pbarton@example.net,2024-08-15,VIP
C0434,Victoria Warner,elewis@example.net,2025-05-16,VIP
C0435,Whitney Hall,mistyschmitt@example.net,2025-09-01,PREMIUM
C0436,Kathryn Thompson,vflynn@example.org,2026-04-22,PREMIUM
C0437,Joy Campbell,connerpeter@example.net,2025-04-29,VIP
C0438,Latoya Shaw,ndoyle@example.org,2025-07-26,PREMIUM
C0439,Alyssa Bowman,enelson@example.com,2025-03-09,VIP
C0440,Marie Long,vkoch@example.com,2025-07-14,VIP
C0441,William Anderson,brianaswanson@example.net,2024-07-21,PREMIUM
C0442,John Carter,robinsonrobert@example.org,2025-03-21,PREMIUM
C0443,Andrea Rose,briannafoster@example.com,2025-11-05,PREMIUM
C0444,Cynthia White,rodriguezmario@example.org,2024-12-09,PREMIUM
C0445,Christopher Gonzalez,jamesdavis@example.org,2025-07-28,PREMIUM
C0446,Christopher Lewis,fcarter@example.com,2025-05-05,PREMIUM
C0447,Jordan Taylor,robert81@example.com,2025-06-04,PREMIUM
C0448,Shannon Gomez,carrollraymond@example.net,2024-09-11,VIP
C0449,Heather Sanchez MD,llarsen@example.com,2026-06-18,VIP
C0450,David Green,dhoffman@example.org,2025-06-06,VIP
C0451,Jeffrey Harris,davidmcdowell@example.org,2026-01-03,PREMIUM
C0452,Karen Carr,amandachavez@example.net,2025-10-11,VIP
C0453,Bryan Sexton,gary63@example.net,2026-02-07,PREMIUM
C0454,Denise Fischer,michael68@example.com,2025-03-18,PREMIUM
C0455,Susan Moreno,zunigamargaret@example.com,2024-08-20,VIP
C0456,Wanda Heath,daniel88@example.com,2024-12-02,VIP
C0457,Monica Mclean,haleylee@example.org,2026-05-03,PREMIUM
C0458,Tammy Rivera,mhernandez@example.net,2026-04-15,PREMIUM
C0459,Gregory Perez,kathryn97@example.org,2024-09-05,REGULAR
C0460,Tammy Day,faithmorales@example.org,2026-06-24,REGULAR
C0461,Jacob Hunt,eric50@example.com,2025-04-07,PREMIUM
C0462,Susan Stephens,martinezangela@example.org,2024-07-22,REGULAR
C0463,Jody Odonnell,lisa83@example.net,2024-12-27,REGULAR
C0464,Mr. Colton Harper DDS,wwagner@example.com,2025-10-18,PREMIUM
C0465,James Garcia,heather07@example.com,2026-02-16,PREMIUM
C0466,Michelle Hart,carmen00@example.net,2026-03-15,REGULAR
C0467,Lisa Jackson,lawrencehouston@example.com,2026-04-24,REGULAR
C0468,Jason Jarvis,charles65@example.com,2025-04-19,VIP
C0469,Carolyn Johnston,james93@example.net,2026-07-04,PREMIUM
C0470,Jonathan Pittman,jennifersmith@example.net,2025-09-20,PREMIUM
C0471,Scott Bell,kingnicolas@example.net,2025-08-18,REGULAR
C0472,Richard Kennedy,parkmichelle@example.net,2025-04-09,PREMIUM
C0473,Casey Lopez,matthewhogan@example.com,2025-03-22,REGULAR
C0474,Nicole Johnson,rebeccarowe@example.net,2026-05-06,REGULAR
C0475,David Flores,kristinalexander@example.net,2025-07-11,PREMIUM
C0476,Barry Robertson,mcintyrewilliam@example.com,2025-01-08,VIP
C0477,David Fuentes,oallen@example.com,2026-05-16,VIP
C0478,Susan Casey,shafferlance@example.net,2025-06-02,PREMIUM
C0479,Laura Pierce,vaughnpatrick@example.net,2024-09-19,PREMIUM
C0480,Kelly Weber,rogersaustin@example.org,2026-02-10,PREMIUM
C0481,Anna Doyle,patrick79@example.org,2025-12-19,PREMIUM
C0482,Joseph Howard,kingbrent@example.com,2025-09-29,PREMIUM
C0483,Krista Vaughn,stephanienunez@example.net,2024-12-05,VIP
C0484,Jamie Jackson,tomburns@example.net,2025-07-23,VIP
C0485,Miguel Harris,andrea03@example.org,2025-08-19,REGULAR
C0486,Tanya Johnson,harriskenneth@example.com,2025-01-12,REGULAR
C0487,Yesenia Gonzales,vazquezcharles@example.com,2025-11-19,VIP
C0488,Rachel Espinoza,garzawendy@example.net,2024-10-26,PREMIUM
C0489,Erin Patel,htaylor@example.com,2025-09-18,REGULAR
C0490,Michael Salazar,schaeferjennifer@example.org,2024-08-20,PREMIUM
C0491,Donald Holt,roberthicks@example.org,2025-03-05,PREMIUM
C0492,Christine Spencer,richardmoore@example.org,2025-03-07,REGULAR
C0493,Brittany George,shermanaaron@example.com,2025-02-04,VIP
C0494,Eric Garrison,stevedaugherty@example.net,2025-08-10,REGULAR
C0495,Mark Stout,rjohnson@example.net,2025-09-21,REGULAR
C0496,Timothy Clark,brookemarks@example.com,2026-02-05,PREMIUM
C0497,Devin Gordon,bryan82@example.com,2025-11-13,REGULAR
C0498,Courtney Holmes,georgerojas@example.com,2026-05-24,REGULAR
C0499,Justin Mcdonald,brittanyjones@example.net,2026-01-05,VIP
C0500,Allison Gamble,jodipeters@example.com,2024-07-14,PREMIUM
