product_id,product_name,category,subcategory,cost_price
P0001,Mobile,Electronics,Mobile,2118.8
P0002,Mobile,Electronics,Mobile,1299.03
P0003,Laptop,Electronics,Laptop,2198.5
P0004,Sofa,Home,Sofa,2803.51
P0005,Headphones,Electronics,Headphones,150.97
P0006,Shirt,Clothing,Shirt,2905.96
P0007,Jeans,Clothing,Jeans,2043.25
P0008,Novel,Books,Novel,4937.51
P0009,Chair,Home,Chair,1371.62
P0010,Shirt,Clothing,Shirt,906.57
P0011,Lamp,Home,Lamp,4932.99
P0012,Chair,Home,Chair,3426.89
P0013,Chair,Home,Chair,663.31
P0014,Table,Home,Table,2162.18
P0015,Sofa,Home,Sofa,666.87
P0016,Chair,Home,Chair,2115.82
P0017,T-Shirt,Clothing,T-Shirt,2579.43
P0018,Lamp,Home,Lamp,311.9
P0019,Lamp,Home,Lamp,442.76
P0020,Smart Watch,Electronics,Smart Watch,709.32
P0021,Headphones,Electronics,Headphones,1554.19
P0022,Jacket,Clothing,Jacket,1793.65
P0023,Shirt,Clothing,Shirt,4207.06
P0024,History,Books,History,1344.07
P0025,Headphones,Electronics,Headphones,2453.59
P0026,Jacket,Clothing,Jacket,4049.08
P0027,Mobile,Electronics,Mobile,3242.03
P0028,Laptop,Electronics,Laptop,794.79
P0029,Chair,Home,Chair,2083.24
P0030,Jeans,Clothing,Jeans,3713.0
P0031,Chair,Home,Chair,938.33
P0032,Headphones,Electronics,Headphones,179.91
P0033,Jacket,Clothing,Jacket,3050.92
P0034,Jacket,Clothing,Jacket,881.22
P0035,History,Books,History,3763.23
P0036,Science,Books,Science,485.24
P0037,History,Books,History,3699.4
P0038,Chair,Home,Chair,486.91
P0039,Shirt,Clothing,Shirt,322.6
P0040,Smart Watch,Electronics,Smart Watch,1094.76
P0041,T-Shirt,Clothing,T-Shirt,1155.96
P0042,Lamp,Home,Lamp,2894.94
P0043,Mobile,Electronics,Mobile,2369.05
P0044,Headphones,Electronics,Headphones,4702.78
P0045,T-Shirt,Clothing,T-Shirt,2507.25
P0046,Table,Home,Table,366.13
P0047,Mobile,Electronics,Mobile,2485.17
P0048,Sofa,Home,Sofa,4787.25
P0049,Mobile,Electronics,Mobile,4062.68
P0050,Smart Watch,Electronics,Smart Watch,2393.14
P0051,T-Shirt,Clothing,T-Shirt,1951.75
P0052,Smart Watch,Electronics,Smart Watch,1792.46
P0053,Jacket,Clothing,Jacket,3961.03
P0054,Lamp,Home,Lamp,2094.46
P0055,Table,Home,Table,4006.46
P0056,Jacket,Clothing,Jacket,4408.42
P0057,Shirt,Clothing,Shirt,1659.01
P0058,Novel,Books,Novel,2821.96
P0059,Programming,Books,Programming,4051.88
P0060,Headphones,Electronics,Headphones,4044.49
P0061,Lamp,Home,Lamp,2965.37
P0062,Novel,Books,Novel,1325.95
P0063,Jeans,Clothing,Jeans,703.9
P0064,Jacket,Clothing,Jacket,2196.77
P0065,Novel,Books,Novel,933.31
P0066,Chair,Home,Chair,3660.62
P0067,History,Books,History,3848.1
P0068,Mobile,Electronics,Mobile,1971.11
P0069,Chair,Home,Chair,1928.95
P0070,Shirt,Clothing,Shirt,4210.3
P0071,Science,Books,Science,4773.53
P0072,Headphones,Electronics,Headphones,2184.42
P0073,Sofa,Home,Sofa,3702.69
P0074,History,Books,History,4164.03
P0075,Headphones,Electronics,Headphones,3744.37
P0076,Science,Books,Science,4434.7
P0077,History,Books,History,3838.01
P0078,Sofa,Home,Sofa,3284.11
P0079,Shirt,Clothing,Shirt,2174.28
P0080,History,Books,History,1495.34
P0081,Programming,Books,Programming,3976.85
P0082,Chair,Home,Chair,3716.41
P0083,Science,Books,Science,2860.66
P0084,Novel,Books,Novel,3629.27
P0085,Novel,Books,Novel,709.22
P0086,Table,Home,Table,1162.56
P0087,T-Shirt,Clothing,T-Shirt,3902.49
P0088,Sofa,Home,Sofa,2894.06
P0089,Mobile,Electronics,Mobile,2557.52
P0090,Lamp,Home,Lamp,3589.14
P0091,Laptop,Electronics,Laptop,274.6
P0092,Mobile,Electronics,Mobile,1067.28
P0093,Chair,Home,Chair,3765.5
P0094,Laptop,Electronics,Laptop,1859.32
P0095,Science,Books,Science,1915.7
P0096,T-Shirt,Clothing,T-Shirt,3385.74
P0097,Mobile,Electronics,Mobile,1868.5
P0098,Smart Watch,Electronics,Smart Watch,1073.16
P0099,Novel,Books,Novel,1384.23
P0100,Laptop,Electronics,Laptop,2660.53
P0101,Lamp,Home,Lamp,4805.01
P0102,Shirt,Clothing,Shirt,1745.03
P0103,Headphones,Electronics,Headphones,3991.04
P0104,History,Books,History,3048.57
P0105,Science,Books,Science,1789.76
P0106,Programming,Books,Programming,4581.91
P0107,History,Books,History,2825.07
P0108,Sofa,Home,Sofa,4786.8
P0109,Chair,Home,Chair,3187.2
P0110,Sofa,Home,Sofa,449.62
P0111,Science,Books,Science,2295.15
P0112,Sofa,Home,Sofa,737.46
P0113,T-Shirt,Clothing,T-Shirt,1256.67
P0114,Headphones,Electronics,Headphones,2845.62
P0115,Laptop,Electronics,Laptop,1205.82
P0116,Table,Home,Table,1317.38
P0117,Table,Home,Table,1072.13
P0118,Mobile,Electronics,Mobile,4225.46
P0119,Smart Watch,Electronics,Smart Watch,161.14
P0120,Laptop,Electronics,Laptop,1799.01
P0121,Table,Home,Table,888.83
P0122,T-Shirt,Clothing,T-Shirt,3637.42
P0123,Lamp,Home,Lamp,1428.15
P0124,T-Shirt,Clothing,T-Shirt,685.07
P0125,Laptop,Electronics,Laptop,3854.54
P0126,Laptop,Electronics,Laptop,3506.16
P0127,Jacket,Clothing,Jacket,374.08
P0128,T-Shirt,Clothing,T-Shirt,2373.03
P0129,Science,Books,Science,3019.92
P0130,Science,Books,Science,4942.85
P0131,Novel,Books,Novel,2349.41
P0132,Smart Watch,Electronics,Smart Watch,586.3
P0133,Table,Home,Table,1338.07
P0134,History,Books,History,394.33
P0135,History,Books,History,1865.98
P0136,Chair,Home,Chair,3435.47
P0137,History,Books,History,2452.38
P0138,Shirt,Clothing,Shirt,4194.4
P0139,Table,Home,Table,4004.54
P0140,Chair,Home,Chair,890.48
P0141,Chair,Home,Chair,695.14
P0142,Laptop,Electronics,Laptop,2266.62
P0143,History,Books,History,1904.12
P0144,Jeans,Clothing,Jeans,2908.1
P0145,Headphones,Electronics,Headphones,3625.02
P0146,Jacket,Clothing,Jacket,3683.65
P0147,Chair,Home,Chair,333.71
P0148,Table,Home,Table,3326.82
P0149,Lamp,Home,Lamp,1691.46
P0150,Programming,Books,Programming,3520.07
P0151,Shirt,Clothing,Shirt,3669.28
P0152,Jeans,Clothing,Jeans,4514.0
P0153,Jeans,Clothing,Jeans,683.45
P0154,Headphones,Electronics,Headphones,4130.53
P0155,Lamp,Home,Lamp,2695.48
P0156,Science,Books,Science,1743.27
P0157,History,Books,History,3045.02
P0158,Laptop,Electronics,Laptop,4286.72
P0159,Sofa,Home,Sofa,4192.49
P0160,Shirt,Clothing,Shirt,3025.47
P0161,Laptop,Electronics,Laptop,1632.21
P0162,Jeans,Clothing,Jeans,3645.48
P0163,Smart Watch,Electronics,Smart Watch,4288.91
P0164,Programming,Books,Programming,4568.64
P0165,History,Books,History,103.57
P0166,Table,Home,Table,390.29
P0167,History,Books,History,1273.27
P0168,Shirt,Clothing,Shirt,1613.23
P0169,Headphones,Electronics,Headphones,984.96
P0170,Table,Home,Table,1480.89
P0171,Headphones,Electronics,Headphones,1982.52
P0172,Laptop,Electronics,Laptop,3267.03
P0173,Lamp,Home,Lamp,4256.84
P0174,Table,Home,Table,3990.59
P0175,Laptop,Electronics,Laptop,4936.69
P0176,Programming,Books,Programming,1024.68
P0177,Shirt,Clothing,Shirt,4159.45
P0178,Lamp,Home,Lamp,2172.55
P0179,T-Shirt,Clothing,T-Shirt,2808.91
P0180,Programming,Books,Programming,140.08
P0181,Sofa,Home,Sofa,3346.73
P0182,Novel,Books,Novel,2676.31
P0183,Programming,Books,Programming,976.47
P0184,Laptop,Electronics,Laptop,121.25
P0185,Mobile,Electronics,Mobile,2164.44
P0186,Novel,Books,Novel,137.15
P0187,T-Shirt,Clothing,T-Shirt,2131.02
P0188,Jeans,Clothing,Jeans,1949.47
P0189,Lamp,Home,Lamp,4641.15
P0190,Programming,Books,Programming,4414.79
P0191,Lamp,Home,Lamp,3637.47
P0192,Chair,Home,Chair,3550.73
P0193,Jeans,Clothing,Jeans,1107.19
P0194,Mobile,Electronics,Mobile,1098.47
P0195,Jeans,Clothing,Jeans,4482.89
P0196,Laptop,Electronics,Laptop,3383.58
P0197,Smart Watch,Electronics,Smart Watch,3190.75
P0198,Table,Home,Table,4983.62
P0199,Sofa,Home,Sofa,998.53
P0200,Lamp,Home,Lamp,4854.44
P0201,Smart Watch,Electronics,Smart Watch,2979.65
P0202,Science,Books,Science,2353.85
P0203,Science,Books,Science,546.13
P0204,T-Shirt,Clothing,T-Shirt,1574.2
P0205,History,Books,History,1192.38
P0206,Novel,Books,Novel,3259.1
P0207,Jeans,Clothing,Jeans,1862.62
P0208,Chair,Home,Chair,1872.25
P0209,Novel,Books,Novel,4265.48
P0210,Headphones,Electronics,Headphones,556.95
P0211,Sofa,Home,Sofa,545.32
P0212,Science,Books,Science,1630.12
P0213,Shirt,Clothing,Shirt,578.22
P0214,Jacket,Clothing,Jacket,3393.29
P0215,Programming,Books,Programming,2321.22
P0216,Chair,Home,Chair,1319.67
P0217,Sofa,Home,Sofa,1746.4
P0218,Lamp,Home,Lamp,4300.6
P0219,Novel,Books,Novel,1887.46
P0220,Sofa,Home,Sofa,408.96
P0221,Headphones,Electronics,Headphones,2474.47
P0222,Laptop,Electronics,Laptop,4967.98
P0223,Jeans,Clothing,Jeans,2553.87
P0224,Programming,Books,Programming,4522.68
P0225,Science,Books,Science,787.8
P0226,Mobile,Electronics,Mobile,574.33
P0227,Headphones,Electronics,Headphones,880.49
P0228,Science,Books,Science,4897.24
P0229,Lamp,Home,Lamp,1826.35
P0230,Headphones,Electronics,Headphones,2112.58
P0231,Shirt,Clothing,Shirt,3867.61
P0232,T-Shirt,Clothing,T-Shirt,1081.98
P0233,Smart Watch,Electronics,Smart Watch,368.14
P0234,Jacket,Clothing,Jacket,3202.04
P0235,History,Books,History,887.48
P0236,Science,Books,Science,4275.42
P0237,Chair,Home,Chair,1311.63
P0238,Sofa,Home,Sofa,2336.95
P0239,History,Books,History,1020.08
P0240,Sofa,Home,Sofa,2126.53
P0241,Headphones,Electronics,Headphones,2919.7
P0242,Novel,Books,Novel,2786.66
P0243,Science,Books,Science,2377.56
P0244,Shirt,Clothing,Shirt,3731.84
P0245,History,Books,History,4454.77
P0246,Smart Watch,Electronics,Smart Watch,542.03
P0247,Smart Watch,Electronics,Smart Watch,889.26
P0248,Novel,Books,Novel,1610.05
P0249,Laptop,Electronics,Laptop,178.66
P0250,Table,Home,Table,3007.04
P0251,Table,Home,Table,2916.01
P0252,Programming,Books,Programming,3134.45
P0253,Headphones,Electronics,Headphones,2375.23
P0254,History,Books,History,1795.53
P0255,Headphones,Electronics,Headphones,321.39
P0256,Jeans,Clothing,Jeans,3303.15
P0257,Novel,Books,Novel,2134.44
P0258,Sofa,Home,Sofa,4601.34
P0259,Mobile,Electronics,Mobile,115.51
P0260,Shirt,Clothing,Shirt,2727.04
P0261,Headphones,Electronics,Headphones,2987.97
P0262,Lamp,Home,Lamp,1500.2
P0263,Novel,Books,Novel,1622.92
P0264,Headphones,Electronics,Headphones,2761.96
P0265,Shirt,Clothing,Shirt,154.51
P0266,Smart Watch,Electronics,Smart Watch,4139.83
P0267,Shirt,Clothing,Shirt,248.17
P0268,Jeans,Clothing,Jeans,667.91
P0269,T-Shirt,Clothing,T-Shirt,3567.98
P0270,Shirt,Clothing,Shirt,3924.87
P0271,Smart Watch,Electronics,Smart Watch,2550.65
P0272,Sofa,Home,Sofa,2052.54
P0273,Jeans,Clothing,Jeans,3715.31
P0274,Mobile,Electronics,Mobile,577.98
P0275,Programming,Books,Programming,655.35
P0276,Headphones,Electronics,Headphones,429.47
P0277,T-Shirt,Clothing,T-Shirt,1755.46
P0278,Science,Books,Science,4232.6
P0279,Lamp,Home,Lamp,4497.52
P0280,Laptop,Electronics,Laptop,4515.08
P0281,Mobile,Electronics,Mobile,2281.92
P0282,Table,Home,Table,107.59
P0283,Lamp,Home,Lamp,2476.5
P0284,Novel,Books,Novel,2934.94
P0285,Lamp,Home,Lamp,1062.35
P0286,Mobile,Electronics,Mobile,1119.46
P0287,Sofa,Home,Sofa,1142.04
P0288,Laptop,Electronics,Laptop,1135.52
P0289,Chair,Home,Chair,2036.68
P0290,Chair,Home,Chair,1243.8
P0291,Jacket,Clothing,Jacket,3245.27
P0292,Mobile,Electronics,Mobile,1026.91
P0293,Chair,Home,Chair,4506.73
P0294,Smart Watch,Electronics,Smart Watch,614.56
P0295,Science,Books,Science,949.99
P0296,Smart Watch,Electronics,Smart Watch,4996.27
P0297,Programming,Books,Programming,950.12
P0298,Headphones,Electronics,Headphones,4209.64
P0299,Science,Books,Science,4811.5
P0300,Science,Books,Science,138.53
P0301,Science,Books,Science,1854.2
P0302,Jeans,Clothing,Jeans,661.53
P0303,Science,Books,Science,2437.08
P0304,Sofa,Home,Sofa,3639.56
P0305,Jeans,Clothing,Jeans,2152.92
P0306,History,Books,History,1851.12
P0307,Lamp,Home,Lamp,3734.03
P0308,Table,Home,Table,2391.24
P0309,History,Books,History,3334.88
P0310,Sofa,Home,Sofa,821.87
P0311,Programming,Books,Programming,3491.34
P0312,History,Books,History,3495.5
P0313,Smart Watch,Electronics,Smart Watch,4227.47
P0314,Shirt,Clothing,Shirt,4894.39
P0315,Jeans,Clothing,Jeans,271.07
P0316,Shirt,Clothing,Shirt,1592.29
P0317,T-Shirt,Clothing,T-Shirt,3958.4
P0318,Chair,Home,Chair,2227.27
P0319,Programming,Books,Programming,2670.42
P0320,Table,Home,Table,1912.77
P0321,Shirt,Clothing,Shirt,2309.09
P0322,Science,Books,Science,2979.4
P0323,Shirt,Clothing,Shirt,957.24
P0324,Chair,Home,Chair,4416.39
P0325,Novel,Books,Novel,4652.55
P0326,Programming,Books,Programming,2693.76
P0327,Science,Books,Science,395.16
P0328,Laptop,Electronics,Laptop,703.48
P0329,Shirt,Clothing,Shirt,405.04
P0330,Jeans,Clothing,Jeans,4342.32
P0331,Mobile,Electronics,Mobile,2300.44
P0332,Mobile,Electronics,Mobile,3440.5
P0333,Shirt,Clothing,Shirt,4466.46
P0334,Headphones,Electronics,Headphones,1190.63
P0335,History,Books,History,495.14
P0336,T-Shirt,Clothing,T-Shirt,4450.19
P0337,Jeans,Clothing,Jeans,573.95
P0338,Smart Watch,Electronics,Smart Watch,1919.13
P0339,Mobile,Electronics,Mobile,1165.94
P0340,Table,Home,Table,726.73
P0341,Mobile,Electronics,Mobile,4943.38
P0342,Science,Books,Science,1372.89
P0343,T-Shirt,Clothing,T-Shirt,394.72
P0344,Mobile,Electronics,Mobile,1325.84
P0345,Science,Books,Science,3153.1
P0346,Lamp,Home,Lamp,2410.94
P0347,T-Shirt,Clothing,T-Shirt,131.75
P0348,History,Books,History,2371.99
P0349,Mobile,Electronics,Mobile,726.73
P0350,Smart Watch,Electronics,Smart Watch,3499.73
P0351,Shirt,Clothing,Shirt,669.77
P0352,Laptop,Electronics,Laptop,4850.35
P0353,T-Shirt,Clothing,T-Shirt,394.92
P0354,Lamp,Home,Lamp,4347.17
P0355,Smart Watch,Electronics,Smart Watch,3371.98
P0356,Shirt,Clothing,Shirt,4215.5
P0357,Jacket,Clothing,Jacket,3871.86
P0358,Chair,Home,Chair,4960.65
P0359,Chair,Home,Chair,482.55
P0360,Lamp,Home,Lamp,119.32
P0361,Headphones,Electronics,Headphones,424.39
P0362,Headphones,Electronics,Headphones,1454.0
P0363,Science,Books,Science,2644.24
P0364,Chair,Home,Chair,2355.81
P0365,Laptop,Electronics,Laptop,4648.89
P0366,Chair,Home,Chair,583.32
P0367,Jacket,Clothing,Jacket,2307.26
P0368,Smart Watch,Electronics,Smart Watch,4279.23
P0369,T-Shirt,Clothing,T-Shirt,1750.55
P0370,Headphones,Electronics,Headphones,2782.21
P0371,Jeans,Clothing,Jeans,2155.19
P0372,T-Shirt,Clothing,T-Shirt,973.72
P0373,Lamp,Home,Lamp,3911.46
P0374,Jeans,Clothing,Jeans,1892.37
P0375,Shirt,Clothing,Shirt,3314.86
P0376,Jacket,Clothing,Jacket,3751.19
P0377,Chair,Home,Chair,2202.35
P0378,Jeans,Clothing,Jeans,3169.97
P0379,Chair,Home,Chair,4020.02
P0380,Jacket,Clothing,Jacket,4290.1
P0381,Programming,Books,Programming,4016.51
P0382,Laptop,Electronics,Laptop,2437.83
P0383,Shirt,Clothing,Shirt,338.79
P0384,Novel,Books,Novel,3735.9
P0385,Lamp,Home,Lamp,2840.41
P0386,Smart Watch,Electronics,Smart Watch,3730.21
P0387,Smart Watch,Electronics,Smart Watch,1245.05
P0388,Shirt,Clothing,Shirt,4397.79
P0389,Lamp,Home,Lamp,1446.33
P0390,Jeans,Clothing,Jeans,3294.57
P0391,Lamp,Home,Lamp,4757.97
P0392,T-Shirt,Clothing,T-Shirt,3622.73
P0393,T-Shirt,Clothing,T-Shirt,3839.38
P0394,Jacket,Clothing,Jacket,2185.65
P0395,Mobile,Electronics,Mobile,2524.51
P0396,Jeans,Clothing,Jeans,3833.94
P0397,Mobile,Electronics,Mobile,113.55
P0398,T-Shirt,Clothing,T-Shirt,3705.94
P0399,T-Shirt,Clothing,T-Shirt,3972.85
P0400,Table,Home,Table,2007.87
P0401,Programming,Books,Programming,440.57
P0402,Headphones,Electronics,Headphones,2925.69
P0403,T-Shirt,Clothing,T-Shirt,3625.66
P0404,Table,Home,Table,4634.5
P0405,Lamp,Home,Lamp,2631.89
P0406,Sofa,Home,Sofa,978.06
P0407,Programming,Books,Programming,2222.3
P0408,Shirt,Clothing,Shirt,1266.69
P0409,Smart Watch,Electronics,Smart Watch,3297.12
P0410,Jeans,Clothing,Jeans,1583.29
P0411,Programming,Books,Programming,3102.85
P0412,Chair,Home,Chair,2700.59
P0413,Novel,Books,Novel,4263.68
P0414,History,Books,History,2327.5
P0415,Headphones,Electronics,Headphones,2426.15
P0416,Laptop,Electronics,Laptop,3892.61
P0417,Novel,Books,Novel,1616.44
P0418,Chair,Home,Chair,549.23
P0419,Headphones,Electronics,Headphones,3799.47
P0420,Lamp,Home,Lamp,3108.12
P0421,Headphones,Electronics,Headphones,1527.12
P0422,Jacket,Clothing,Jacket,3364.49
P0423,Jacket,Clothing,Jacket,3884.94
P0424,Lamp,Home,Lamp,2057.72
P0425,Science,Books,Science,994.28
P0426,Mobile,Electronics,Mobile,3066.27
P0427,Lamp,Home,Lamp,3299.23
P0428,Sofa,Home,Sofa,3523.12
P0429,Table,Home,Table,3827.51
P0430,Smart Watch,Electronics,Smart Watch,1908.39
P0431,Jeans,Clothing,Jeans,2084.5
P0432,History,Books,History,653.52
P0433,Smart Watch,Electronics,Smart Watch,3807.98
P0434,Lamp,Home,Lamp,4113.42
P0435,Headphones,Electronics,Headphones,2423.08
P0436,Laptop,Electronics,Laptop,3482.47
P0437,Mobile,Electronics,Mobile,567.53
P0438,Headphones,Electronics,Headphones,2907.97
P0439,Headphones,Electronics,Headphones,4622.83
P0440,Programming,Books,Programming,2381.59
P0441,Headphones,Electronics,Headphones,1619.18
P0442,Novel,Books,Novel,853.11
P0443,T-Shirt,Clothing,T-Shirt,4416.25
P0444,Headphones,Electronics,Headphones,4679.97
P0445,Laptop,Electronics,Laptop,3580.79
P0446,T-Shirt,Clothing,T-Shirt,867.93
P0447,Smart Watch,Electronics,Smart Watch,4660.62
P0448,Jacket,Clothing,Jacket,820.59
P0449,T-Shirt,Clothing,T-Shirt,3247.72
P0450,Table,Home,Table,4884.54
P0451,Jeans,Clothing,Jeans,2019.87
P0452,Science,Books,Science,4930.11
P0453,Laptop,Electronics,Laptop,1678.46
P0454,Jeans,Clothing,Jeans,3502.25
P0455,History,Books,History,492.53
P0456,Smart Watch,Electronics,Smart Watch,1346.45
P0457,Shirt,Clothing,Shirt,2039.12
P0458,Jeans,Clothing,Jeans,1715.23
P0459,Chair,Home,Chair,424.83
P0460,Headphones,Electronics,Headphones,1956.3
P0461,Programming,Books,Programming,480.62
P0462,Chair,Home,Chair,3744.18
P0463,Sofa,Home,Sofa,4944.42
P0464,Table,Home,Table,265.19
P0465,Jeans,Clothing,Jeans,616.83
P0466,Jeans,Clothing,Jeans,4540.97
P0467,Sofa,Home,Sofa,4656.61
P0468,Laptop,Electronics,Laptop,1547.04
P0469,Jeans,Clothing,Jeans,3529.35
P0470,Smart Watch,Electronics,Smart Watch,3725.97
P0471,Laptop,Electronics,Laptop,683.45
P0472,Smart Watch,Electronics,Smart Watch,2957.22
P0473,History,Books,History,2249.45
P0474,Laptop,Electronics,Laptop,3610.06
P0475,Table,Home,Table,1004.38
P0476,Jeans,Clothing,Jeans,2350.86
P0477,T-Shirt,Clothing,T-Shirt,721.01
P0478,Science,Books,Science,3984.87
P0479,Headphones,Electronics,Headphones,1390.03
P0480,Laptop,Electronics,Laptop,249.29
P0481,Shirt,Clothing,Shirt,2100.77
P0482,Jacket,Clothing,Jacket,1676.84
P0483,Headphones,Electronics,Headphones,4748.94
P0484,Programming,Books,Programming,216.39
P0485,Smart Watch,Electronics,Smart Watch,3136.19
P0486,Headphones,Electronics,Headphones,2767.5
P0487,Jacket,Clothing,Jacket,219.29
P0488,Smart Watch,Electronics,Smart Watch,1177.97
P0489,Table,Home,Table,2113.08
P0490,T-Shirt,Clothing,T-Shirt,2778.26
P0491,Shirt,Clothing,Shirt,1406.21
P0492,Lamp,Home,Lamp,1143.66
P0493,Smart Watch,Electronics,Smart Watch,4889.03
P0494,Shirt,Clothing,Shirt,3447.67
P0495,Shirt,Clothing,Shirt,1011.98
P0496,Mobile,Electronics,Mobile,802.01
P0497,Sofa,Home,Sofa,1003.07
P0498,Shirt,Clothing,Shirt,139.62
P0499,History,Books,History,2288.61
P0500,Smart Watch,Electronics,Smart Watch,3994.5
